spelling,subtlex.dominant.pos.frequency,celex.morphology,concreteness,aoa,length,Borrowed,age,age.youngest,age.oldest,age.youngest.num,age.oldest.num
adres,2507,monomorphemic,3.27,6.07,5,1. clearly borrowed,1574,1574,1574,426,426
altaar,229,monomorphemic,4.4,7.03,5,1. clearly borrowed,1200,1200,1200,800,800
anker,208,monomorphemic,4.8,7.73,5,1. clearly borrowed,1240,1240,1240,760,760
arts,1403,monomorphemic,3.73,7.15,4,1. clearly borrowed,1586,1586,1586,414,414
auto,20010,monomorphemic,5,4.22,3,1. clearly borrowed,1899,1899,1899,101,101
baai,185,monomorphemic,4.43,9.69,3,1. clearly borrowed,1617,1617,1617,383,383
baby,6397,monomorphemic,4.67,4.25,4,1. clearly borrowed,1875,1875,1875,125,125
bamboe,27,monomorphemic,4.8,8.34,5,1. clearly borrowed,1596,1596,1596,404,404
banaan,233,monomorphemic,5,4.48,5,1. clearly borrowed,1596,1596,1596,404,404
bank,3990,monomorphemic,4.47,5.84,4,1. clearly borrowed,1467,1467,1467,533,533
beest,2273,monomorphemic,4.27,4.78,4,1. clearly borrowed,1253,1253,1253,747,747
bek,2234,monomorphemic,4.6,5.71,3,1. clearly borrowed,1240,1240,1240,760,760
bom,2222,monomorphemic,4.6,7.14,3,1. clearly borrowed,1667,1667,1667,333,333
bont,131,monomorphemic,4.47,8.75,4,1. clearly borrowed,1300,1300,1300,700,700
boter,460,monomorphemic,4.67,4.95,5,1. clearly borrowed,1240,1240,1240,760,760
brief,3225,monomorphemic,4.73,5.74,4,1. clearly borrowed,1236,1236,1236,764,764
bril,1070,monomorphemic,4.87,5.38,4,1. clearly borrowed,1401-1500,1500,1401,500,599
bron,1272,monomorphemic,3.33,7.78,4,1. clearly borrowed,1605,1605,1605,395,395
buffel,47,monomorphemic,4.6,8.38,5,1. clearly borrowed,1287,1287,1287,713,713
bus,2828,monomorphemic,4.73,4.99,3,1. clearly borrowed,1887,1887,1887,113,113
ceintuur,13,other,4.6,9.2,6,1. clearly borrowed,1462,1462,1462,538,538
cirkel,532,other,4.47,6.28,6,1. clearly borrowed,1220-1240,1240,1220,760,780
dansen,4418,monomorphemic,4.27,5,5,1. clearly borrowed,1240,1240,1240,760,760
demon,655,other,2.07,11.35,5,1. clearly borrowed,1721,1721,1721,279,279
dichter,950,monomorphemic,2.87,8.17,6,1. clearly borrowed,1240,1240,1240,760,760
diner,1038,other,3.73,9.42,4,1. clearly borrowed,1782,1782,1782,218,218
direct,3065,other,1.33,7.53,6,1. clearly borrowed,1647-1648,1648,1647,352,353
dokter,10645,other,3.6,4.87,6,1. clearly borrowed,1576,1576,1576,424,424
dolfijn,82,other,5,5.99,6,1. clearly borrowed,1287,1287,1287,713,713
duren,2168,monomorphemic,1.8,6.96,4,1. clearly borrowed,1220-1240,1240,1220,760,780
eiland,2252,other,4.47,6.83,5,1. clearly borrowed,1240,1240,1240,760,760
eland,104,monomorphemic,4.93,9.53,5,1. clearly borrowed,1456-1489,1489,1456,511,544
ezel,460,monomorphemic,5,5.61,4,1. clearly borrowed,1240,1240,1240,760,760
fee,246,monomorphemic,3.27,5.15,2,1. clearly borrowed,1871,1871,1871,129,129
film,7586,monomorphemic,4.4,5.95,4,1. clearly borrowed,1912,1912,1912,88,88
fluit,219,monomorphemic,4.47,6.04,4,1. clearly borrowed,1351-1400,1400,1351,600,649
fout,4226,monomorphemic,2.2,5.16,3,1. clearly borrowed,1265-1270,1270,1265,730,735
fruit,564,monomorphemic,4.2,4.7,4,1. clearly borrowed,1285,1285,1285,715,715
geheim,2993,other,2.33,6.46,5,1. clearly borrowed,1588,1588,1588,412,412
gevaar,3961,other,2.73,6.46,5,1. clearly borrowed,1574,1574,1574,426,426
gif,585,monomorphemic,3.93,7.59,3,1. clearly borrowed,1606,1606,1606,394,394
graan,193,monomorphemic,4.87,7.3,4,1. clearly borrowed,1240,1240,1240,760,760
grens,1639,monomorphemic,3,7.36,5,1. clearly borrowed,1573,1573,1573,427,427
grot,761,monomorphemic,4.8,6.54,4,1. clearly borrowed,1600,1600,1600,400,400
gulzig,50,other,2.73,6.84,6,1. clearly borrowed,1285,1285,1285,715,715
haai,396,monomorphemic,4.87,6.32,3,1. clearly borrowed,1445-1455,1455,1445,545,555
hangmat,32,other,4.8,8.22,6,1. clearly borrowed,1627,1627,1627,373,373
harnas,213,monomorphemic,4.67,8.34,6,1. clearly borrowed,1250,1250,1250,750,750
heersen,282,monomorphemic,2.13,8.84,5,1. clearly borrowed,1348,1348,1348,652,652
heks,1121,monomorphemic,3.87,5.7,4,1. clearly borrowed,1562,1562,1562,438,438
hut,829,monomorphemic,4.73,5.98,3,1. clearly borrowed,1475,1475,1475,525,525
idee,21121,monomorphemic,1.27,6.71,3,1. clearly borrowed,1485,1485,1485,515,515
ijzer,300,monomorphemic,4.53,7.62,4,1. clearly borrowed,1220-1240,1240,1220,760,780
juist,5775,monomorphemic,1.6,5.15,4,1. clearly borrowed,1337-1382,1382,1337,618,663
jurk,2437,monomorphemic,4.47,6.14,4,1. clearly borrowed,1691,1691,1691,309,309
juweel,147,monomorphemic,4.67,7.34,5,1. clearly borrowed,1287,1287,1287,713,713
kaap,28,monomorphemic,3.38,9.93,3,1. clearly borrowed,1567,1567,1567,433,433
kaars,256,monomorphemic,5,6.12,4,1. clearly borrowed,1240,1240,1240,760,760
kaas,998,monomorphemic,4.93,5.05,3,1. clearly borrowed,1240,1240,1240,760,760
kachel,125,monomorphemic,4.8,7.53,5,1. clearly borrowed,1591,1591,1591,409,409
kalm,3034,monomorphemic,2.4,5.84,4,1. clearly borrowed,1568,1568,1568,432,432
kameel,115,monomorphemic,4.93,6.73,5,1. clearly borrowed,1240,1240,1240,760,760
kamer,11756,monomorphemic,4.27,4.75,5,1. clearly borrowed,1201-1225,1225,1201,775,799
kamp,1765,monomorphemic,4.47,6.89,4,1. clearly borrowed,1573,1573,1573,427,427
kano,85,monomorphemic,5,8.52,4,1. clearly borrowed,1598,1598,1598,402,402
kant,13658,monomorphemic,3.73,6.4,4,1. clearly borrowed,1248-1271,1271,1248,729,752
kapot,3632,monomorphemic,3.07,4.78,5,1. clearly borrowed,1717,1717,1717,283,283
kar,279,monomorphemic,4.73,5.26,3,1. clearly borrowed,1240,1240,1240,760,760
kat,2116,monomorphemic,4.87,3.92,3,1. clearly borrowed,1210-1240,1240,1210,760,790
katoen,209,monomorphemic,4.6,9.21,5,1. clearly borrowed,1272,1272,1272,728,728
kerk,3308,monomorphemic,4.73,5.53,4,1. clearly borrowed,777,777,777,1223,1223
ketel,231,monomorphemic,4.6,7.29,5,1. clearly borrowed,1240,1240,1240,760,760
keten,123,monomorphemic,3.33,9.4,4,1. clearly borrowed,1240,1240,1240,760,760
keuken,2317,monomorphemic,4.8,5.04,4,1. clearly borrowed,1236,1236,1236,764,764
klaar,24286,monomorphemic,2,4.78,4,1. clearly borrowed,1651-1652,1652,1651,348,349
kleur,1708,monomorphemic,3.07,4.4,4,1. clearly borrowed,1567,1567,1567,433,433
klok,1030,monomorphemic,4.47,5.7,4,1. clearly borrowed,1237,1237,1237,763,763
koffie,5825,monomorphemic,4.53,6.11,4,1. clearly borrowed,1640,1640,1640,360,360
koken,1478,monomorphemic,4.13,5.71,4,1. clearly borrowed,1287,1287,1287,713,713
konijn,812,monomorphemic,4.93,4.5,5,1. clearly borrowed,1240,1240,1240,760,760
kopen,5705,monomorphemic,3.53,6.15,4,1. clearly borrowed,1220-1240,1240,1220,760,780
koper,392,monomorphemic,3.73,9.18,5,1. clearly borrowed,1240-1260,1260,1240,740,760
kort,2077,monomorphemic,3,5.34,4,1. clearly borrowed,976,976,976,1024,1024
kous,96,monomorphemic,4.67,4.5,3,1. clearly borrowed,1240,1240,1240,760,760
kraal,47,monomorphemic,4.47,8.79,4,1. clearly borrowed,1480,1480,1480,520,520
krant,2545,monomorphemic,4.93,5.89,5,1. clearly borrowed,1610,1610,1610,390,390
kruis,842,monomorphemic,4.67,6.05,4,1. clearly borrowed,0991-1000,1000,991,1000,1009
lamp,606,monomorphemic,4.67,4.89,4,1. clearly borrowed,1240,1240,1240,760,760
langzaam,2225,other,3.07,7.65,6,1. clearly borrowed,1265-1270,1270,1265,730,735
lasso,60,monomorphemic,4.87,7.87,4,1. clearly borrowed,1836,1836,1836,164,164
leeuw,604,monomorphemic,4.87,5.16,3,1. clearly borrowed,0901-1000,1000,901,1000,1099
lood,193,monomorphemic,4.47,8.83,3,1. clearly borrowed,1240,1240,1240,760,760
lunch,1847,monomorphemic,4,8.7,4,1. clearly borrowed,1855,1855,1855,145,145
maÌøs,195,monomorphemic,4.67,6.9,NA,1. clearly borrowed,1581,1581,1581,419,419
manier,11256,monomorphemic,1.33,7.4,5,1. clearly borrowed,1260-1280,1280,1260,720,740
mantel,202,monomorphemic,4.87,6.63,6,1. clearly borrowed,1220-1240,1240,1220,760,780
markt,830,monomorphemic,3.87,6.31,5,1. clearly borrowed,1240,1240,1240,760,760
mat,135,monomorphemic,4.47,6.56,3,1. clearly borrowed,1285,1285,1285,715,715
matras,222,monomorphemic,4.93,6.03,6,1. clearly borrowed,1384-1407,1407,1384,593,616
meester,2835,monomorphemic,3.93,5.34,6,1. clearly borrowed,1236,1236,1236,764,764
moeras,420,monomorphemic,4.6,8.96,5,1. clearly borrowed,1599,1599,1599,401,401
molen,196,monomorphemic,4.4,6.15,4,1. clearly borrowed,1112,1112,1112,888,888
mortel,11,monomorphemic,3.92,11.13,6,1. clearly borrowed,1240,1240,1240,760,760
moskee,99,other,4.6,10.79,5,1. clearly borrowed,1542,1542,1542,458,458
motor,1853,monomorphemic,4.13,6.51,5,1. clearly borrowed,1892,1892,1892,108,108
munt,460,monomorphemic,4.8,6.65,4,1. clearly borrowed,1240-1260,1260,1240,740,760
muskiet,8,other,4.47,10.74,6,1. clearly borrowed,1630,1630,1630,370,370
muts,195,monomorphemic,5,4.62,4,1. clearly borrowed,1373,1373,1373,627,627
muur,2885,monomorphemic,4.8,4.98,3,1. clearly borrowed,0901-1000,1000,901,1000,1099
muziek,4696,other,4,4.84,5,1. clearly borrowed,1240,1240,1240,760,760
nul,734,monomorphemic,3.13,5.65,3,1. clearly borrowed,1508,1508,1508,492,492
offer,501,monomorphemic,2.8,9.16,4,1. clearly borrowed,1100,1100,1100,900,900
olie,1082,monomorphemic,4.8,7.19,3,1. clearly borrowed,1100,1100,1100,900,900
olijf,33,monomorphemic,4.8,9.11,4,1. clearly borrowed,1240,1240,1240,760,760
oogst,328,monomorphemic,3.73,7.71,4,1. clearly borrowed,1240,1240,1240,760,760
oorzaak,584,other,1.53,8.15,5,1. clearly borrowed,1401-1425,1425,1401,575,599
paal,317,monomorphemic,4.73,5.88,3,1. clearly borrowed,1285,1285,1285,715,715
paar,18991,monomorphemic,2.8,6.87,3,1. clearly borrowed,1274,1274,1274,726,726
paard,3649,monomorphemic,4.93,4.67,4,1. clearly borrowed,1266-1268,1268,1266,732,734
pan,324,monomorphemic,4.87,5.21,3,1. clearly borrowed,1240,1240,1240,760,760
papier,1356,other,4.73,4.71,5,1. clearly borrowed,1361-1362,1362,1361,638,639
pech,878,monomorphemic,2.13,7.84,3,1. clearly borrowed,1901,1901,1901,99,99
peddel,41,monomorphemic,4.8,9.78,5,1. clearly borrowed,1855,1855,1855,145,145
pen,898,monomorphemic,5,5.73,3,1. clearly borrowed,1351-1400,1400,1351,600,649
penis,650,monomorphemic,5,8.6,5,1. clearly borrowed,1595,1595,1595,405,405
peper,156,monomorphemic,4.47,6.38,5,1. clearly borrowed,1220-1240,1240,1220,760,780
persoon,4112,monomorphemic,3,6.34,6,1. clearly borrowed,1265-1270,1270,1265,730,735
pijl,300,monomorphemic,4.87,5.6,3,1. clearly borrowed,1373-1376,1376,1373,624,627
pijn,11638,monomorphemic,3.29,3.79,3,1. clearly borrowed,1236,1236,1236,764,764
pijp,541,monomorphemic,4.53,7.12,3,1. clearly borrowed,1693,1693,1693,307,307
pil,410,monomorphemic,4.67,5.84,3,1. clearly borrowed,1351,1351,1351,649,649
pissen,638,monomorphemic,4.27,6.46,4,1. clearly borrowed,1240,1240,1240,760,760
plaats,9281,monomorphemic,2.8,5.63,5,1. clearly borrowed,1285,1285,1285,715,715
plank,477,monomorphemic,4.73,6.08,5,1. clearly borrowed,1284,1284,1284,716,716
plant,457,monomorphemic,4.47,5.29,5,1. clearly borrowed,1240,1240,1240,760,760
planten,498,monomorphemic,4.2,5.34,6,1. clearly borrowed,1240,1240,1240,760,760
plastic,388,monomorphemic,4.67,6.4,7,1. clearly borrowed,1948,1948,1948,52,52
plat,826,monomorphemic,4.07,5.71,4,1. clearly borrowed,1287,1287,1287,713,713
pols,577,monomorphemic,4.47,6.72,4,1. clearly borrowed,1265-1270,1270,1265,730,735
pompoen,109,other,4.93,6.98,6,1. clearly borrowed,1562,1562,1562,438,438
poort,992,monomorphemic,4.8,6.1,4,1. clearly borrowed,0901-1000,1000,901,1000,1099
pot,1336,monomorphemic,4.67,5.1,3,1. clearly borrowed,1250,1250,1250,750,750
preken,95,monomorphemic,3,8.59,5,1. clearly borrowed,1200,1200,1200,800,800
priester,1374,monomorphemic,3.8,6.21,7,1. clearly borrowed,1236,1236,1236,764,764
prijs,3694,monomorphemic,3.21,6.11,4,1. clearly borrowed,1250,1250,1250,750,750
proeven,645,monomorphemic,3.27,5.96,5,1. clearly borrowed,1200,1200,1200,800,800
resten,237,monomorphemic,3.53,8.67,5,1. clearly borrowed,1452,1452,1452,548,548
riem,611,monomorphemic,4.73,6.87,3,1. clearly borrowed,1240,1240,1240,760,760
rijk,2724,monomorphemic,2.13,6.4,3,1. clearly borrowed,0901-1000,1000,901,1000,1099
rijst,356,monomorphemic,4.93,6.36,4,1. clearly borrowed,1252,1252,1252,748,748
rivier,2285,monomorphemic,4.73,6.96,5,1. clearly borrowed,1240,1240,1240,760,760
rogge,3,monomorphemic,4.27,9.63,4,1. clearly borrowed,1240,1240,1240,760,760
rollen,372,monomorphemic,3.8,5.78,4,1. clearly borrowed,1285,1285,1285,715,715
rond,7213,monomorphemic,4.07,5.46,4,1. clearly borrowed,1236,1236,1236,764,764
roos,475,monomorphemic,5,6.01,3,1. clearly borrowed,1240,1240,1240,760,760
rots,602,monomorphemic,4.73,6.4,4,1. clearly borrowed,1285,1285,1285,715,715
school,10730,monomorphemic,4.27,3.61,4,1. clearly borrowed,1240,1240,1240,760,760
schotel,239,monomorphemic,4.67,8.07,6,1. clearly borrowed,1240,1240,1240,760,760
schrijven,4225,monomorphemic,4.53,5.59,6,1. clearly borrowed,1100,1100,1100,900,900
schroef,75,monomorphemic,4.87,8.55,5,1. clearly borrowed,1573,1573,1573,427,427
seizoen,896,monomorphemic,2.4,7.29,5,1. clearly borrowed,1265-1270,1270,1265,730,735
sieraad,42,other,4.2,8.21,5,1. clearly borrowed,1537,1537,1537,463,463
slaaf,755,monomorphemic,2.93,8.36,4,1. clearly borrowed,1285,1285,1285,715,715
sluier,136,monomorphemic,4.47,8.71,6,1. clearly borrowed,1527,1527,1527,473,473
soep,779,monomorphemic,4.73,4.61,3,1. clearly borrowed,1745,1745,1745,255,255
sok,126,monomorphemic,4.8,4.65,3,1. clearly borrowed,1805,1805,1805,195,195
soldaat,2280,monomorphemic,4.27,6.54,6,1. clearly borrowed,1562,1562,1562,438,438
speld,116,monomorphemic,4.8,6.33,5,1. clearly borrowed,1350,1350,1350,650,650
spiegel,1178,monomorphemic,4.93,5.02,6,1. clearly borrowed,1240,1240,1240,760,760
spits,84,monomorphemic,3.67,8.34,5,1. clearly borrowed,1542,1542,1542,458,458
straat,4380,monomorphemic,4.6,5.21,5,1. clearly borrowed,1210-1240,1240,1210,760,790
straf,1397,monomorphemic,2.93,4.84,5,1. clearly borrowed,1542,1542,1542,458,458
suiker,953,monomorphemic,4.6,5.33,5,1. clearly borrowed,1253,1253,1253,747,747
tabak,230,monomorphemic,4.67,8.58,5,1. clearly borrowed,1577,1577,1577,423,423
tafel,3622,monomorphemic,4.93,4.03,5,1. clearly borrowed,0901-1000,1000,901,1000,1099
tante,2724,monomorphemic,3.13,5.04,5,1. clearly borrowed,1782,1782,1782,218,218
tapijt,471,monomorphemic,4.73,6.03,5,1. clearly borrowed,1240,1240,1240,760,760
tapir,5,monomorphemic,4,11.82,5,1. clearly borrowed,1682,1682,1682,318,318
tempel,640,monomorphemic,4.33,8.11,6,1. clearly borrowed,1271-1272,1272,1271,728,729
tent,1790,monomorphemic,4.87,5.98,4,1. clearly borrowed,1240,1240,1240,760,760
termiet,10,monomorphemic,4.36,11.03,6,1. clearly borrowed,1854,1854,1854,146,146
thee,2567,monomorphemic,4.86,6.62,2,1. clearly borrowed,1637,1637,1637,363,363
toekan,4,monomorphemic,4.38,11,5,1. clearly borrowed,1596,1596,1596,404,404
toilet,1726,monomorphemic,4.87,4.28,6,1. clearly borrowed,1914,1914,1914,86,86
toren,831,monomorphemic,4.87,5.38,4,1. clearly borrowed,1201-1225,1225,1201,775,799
trachten,57,monomorphemic,2.07,10.28,6,1. clearly borrowed,1588,1588,1588,412,412
trein,3194,monomorphemic,5,4.89,4,1. clearly borrowed,1839,1839,1839,161,161
trom,22,monomorphemic,4.93,6.33,4,1. clearly borrowed,1507,1507,1507,493,493
trommel,78,other,4.8,5.53,6,1. clearly borrowed,1538,1538,1538,462,462
trompet,117,monomorphemic,5,6.36,7,1. clearly borrowed,1350,1350,1350,650,650
trots,4226,monomorphemic,1.8,7.34,5,1. clearly borrowed,1589,1589,1589,411,411
uur,15248,monomorphemic,3.67,5.92,2,1. clearly borrowed,1240,1240,1240,760,760
vallei,462,other,4.47,9.67,4,1. clearly borrowed,1330,1330,1330,670,670
venster,150,monomorphemic,4.73,5.32,7,1. clearly borrowed,1100,1100,1100,900,900
vijg,8,monomorphemic,4.87,9.11,3,1. clearly borrowed,1100,1100,1100,900,900
vlam,347,monomorphemic,4.67,6.65,4,1. clearly borrowed,1265-1270,1270,1265,730,735
vork,227,monomorphemic,4.87,4.54,4,1. clearly borrowed,1240,1240,1240,760,760
vulva,4,other,4,13.28,5,1. clearly borrowed,1726,1726,1726,274,274
wijn,2641,monomorphemic,4.8,7.31,3,1. clearly borrowed,0901-1000,1000,901,1000,1099
zak,4224,monomorphemic,4.6,4.84,3,1. clearly borrowed,1100,1100,1100,900,900
zeker,37378,monomorphemic,1.2,5.46,5,1. clearly borrowed,1240,1240,1240,760,760
zijde,822,monomorphemic,4.2,9.84,4,1. clearly borrowed,1240,1240,1240,760,760
zilver,434,monomorphemic,4.67,7.56,6,1. clearly borrowed,0901-1000,1000,901,1000,1099
bier,2333,monomorphemic,4.73,7.38,3,3. perhaps borrowed,1240,1240,1240,760,760
bok,91,monomorphemic,4.8,6.95,3,3. perhaps borrowed,0901-1000,1000,901,1000,1099
boot,4150,monomorphemic,4.8,4.5,3,3. perhaps borrowed,1390,1390,1390,610,610
burger,777,other,3.07,7.65,6,3. perhaps borrowed,1240,1240,1240,760,760
eed,472,monomorphemic,2.53,9.9,2,3. perhaps borrowed,1236,1236,1236,764,764
jas,2101,monomorphemic,4.8,3.85,3,3. perhaps borrowed,1733,1733,1733,267,267
kop,10017,monomorphemic,4.6,4.65,3,3. perhaps borrowed,1265-1270,1270,1265,730,735
pin,82,monomorphemic,3.87,8.46,3,3. perhaps borrowed,1285,1285,1285,715,715
aambeeld,21,other,3.79,11.32,6,5. no evidence for borrowing,1599,1599,1599,401,401
aanval,2077,other,3.13,7.47,5,5. no evidence for borrowing,1393,1393,1393,607,607
aap,1204,monomorphemic,4.73,4.21,2,5. no evidence for borrowing,1451-1500,1500,1451,500,549
aas,396,monomorphemic,3.87,9.21,2,5. no evidence for borrowing,1287,1287,1287,713,713
acht,4283,monomorphemic,3.2,4.81,3,5. no evidence for borrowing,0701-800,800,701,1200,1299
achter,20712,monomorphemic,2.33,5.78,5,5. no evidence for borrowing,0876-900,900,876,1100,1124
ader,143,monomorphemic,4.53,8.66,4,5. no evidence for borrowing,1236,1236,1236,764,764
afgunst,68,other,1.73,10.53,7,5. no evidence for borrowing,1265-1270,1270,1265,730,735
akker,30,monomorphemic,4.4,7.48,4,5. no evidence for borrowing,0821-823,823,821,1177,1179
alle,23550,monomorphemic,1.93,5.72,3,5. no evidence for borrowing,1201-1225,1225,1201,775,799
alleen,64188,other,2.73,5.96,4,5. no evidence for borrowing,1240,1240,1240,760,760
als,247396,monomorphemic,1.13,5.67,3,5. no evidence for borrowing,1200,1200,1200,800,800
altijd,42787,other,1.2,5.72,5,5. no evidence for borrowing,1248-1271,1271,1248,729,752
angst,3020,monomorphemic,2.33,6.95,4,5. no evidence for borrowing,0901-1000,1000,901,1000,1099
armband,274,other,4.87,5.75,7,5. no evidence for borrowing,1546,1546,1546,454,454
avond,7893,monomorphemic,3,4.92,5,5. no evidence for borrowing,0901-1000,1000,901,1000,1099
baard,503,monomorphemic,4.87,5.48,4,5. no evidence for borrowing,1240,1240,1240,760,760
baas,7300,monomorphemic,2.87,6.5,3,5. no evidence for borrowing,1280,1280,1280,720,720
baden,119,monomorphemic,3.87,7.61,4,5. no evidence for borrowing,1240,1240,1240,760,760
bakken,429,monomorphemic,4.53,6.15,4,5. no evidence for borrowing,1276-1300,1300,1276,700,724
baksteen,78,other,4.93,7.27,7,5. no evidence for borrowing,1438,1438,1438,562,562
bal,3525,monomorphemic,5,3.63,3,5. no evidence for borrowing,1240,1240,1240,760,760
balk,79,monomorphemic,4.8,7.43,4,5. no evidence for borrowing,1064,1064,1064,936,936
ballen,2037,monomorphemic,NA,NA,4,5. no evidence for borrowing,1802,1802,1802,198,198
bast,15,monomorphemic,4.4,11.25,4,5. no evidence for borrowing,1105,1105,1105,895,895
bed,10412,monomorphemic,4.8,3.76,3,5. no evidence for borrowing,1100,1100,1100,900,900
bedrog,420,other,1.87,9.36,6,5. no evidence for borrowing,1265-1270,1270,1265,730,735
been,2339,monomorphemic,5,4.09,3,5. no evidence for borrowing,1100,1100,1100,900,900
beer,979,other,4.93,4.22,3,5. no evidence for borrowing,1260-1280,1280,1260,720,740
begin,5055,other,2.2,5.61,5,5. no evidence for borrowing,1236,1236,1236,764,764
beitel,31,monomorphemic,4.73,9.26,5,5. no evidence for borrowing,1320,1320,1320,680,680
berg,1339,monomorphemic,4.73,5.86,4,5. no evidence for borrowing,865,865,865,1135,1135
berk,7,monomorphemic,4.67,7.92,4,5. no evidence for borrowing,1050,1050,1050,950,950
beuk,83,monomorphemic,4.2,7.38,3,5. no evidence for borrowing,806,806,806,1194,1194
bever,85,other,4.87,7.34,5,5. no evidence for borrowing,0918-948,948,918,1052,1082
bezem,165,monomorphemic,4.93,6.33,5,5. no evidence for borrowing,1240,1240,1240,760,760
bidden,1574,monomorphemic,3.47,6.34,4,5. no evidence for borrowing,0901-1000,1000,901,1000,1099
bij,107818,monomorphemic,3.47,5.24,2,5. no evidence for borrowing,970,970,970,1030,1030
bijl,398,monomorphemic,4.87,6.97,3,5. no evidence for borrowing,1240,1240,1240,760,760
bijten,698,monomorphemic,4.47,4.9,4,5. no evidence for borrowing,1240,1240,1240,760,760
billen,309,monomorphemic,4.8,5.45,4,5. no evidence for borrowing,1240,1240,1240,760,760
binden,392,monomorphemic,3.4,7.71,5,5. no evidence for borrowing,1100,1100,1100,900,900
binnen,29578,monomorphemic,3,5.17,4,5. no evidence for borrowing,1253,1253,1253,747,747
bitter,186,monomorphemic,3.93,8.53,5,5. no evidence for borrowing,0901-1000,1000,901,1000,1099
blaar,10,monomorphemic,4.73,8.48,4,5. no evidence for borrowing,1240,1240,1240,760,760
blad,487,monomorphemic,4.87,5.1,4,5. no evidence for borrowing,1240,1240,1240,760,760
blauw,1429,monomorphemic,4.53,4.14,4,5. no evidence for borrowing,1121,1121,1121,879,879
blazen,741,monomorphemic,4.4,5.03,5,5. no evidence for borrowing,1240,1240,1240,760,760
blijven,22633,monomorphemic,2.67,5.28,5,5. no evidence for borrowing,0901-1000,1000,901,1000,1099
blik,1585,monomorphemic,4.4,7.01,4,5. no evidence for borrowing,1384-1407,1407,1384,593,616
bliksem,465,monomorphemic,4.47,5.84,7,5. no evidence for borrowing,0901-1000,1000,901,1000,1099
blind,1483,monomorphemic,3.53,6.59,5,5. no evidence for borrowing,1240,1240,1240,760,760
bloed,8037,monomorphemic,4.8,5.01,4,5. no evidence for borrowing,0901-1000,1000,901,1000,1099
bloem,574,monomorphemic,4.67,4.27,4,5. no evidence for borrowing,1100,1100,1100,900,900
bodem,666,monomorphemic,3.73,7.25,5,5. no evidence for borrowing,1260-1280,1280,1260,720,740
boek,6568,monomorphemic,4.93,4.55,3,5. no evidence for borrowing,0901-1000,1000,901,1000,1099
boer,597,monomorphemic,4.4,5.39,3,5. no evidence for borrowing,1516,1516,1516,484,484
boete,384,monomorphemic,2.87,7.96,4,5. no evidence for borrowing,1254,1254,1254,746,746
bol,364,monomorphemic,4.47,5.59,3,5. no evidence for borrowing,1280,1280,1280,720,720
bonzen,27,monomorphemic,3.4,10.22,5,5. no evidence for borrowing,1589,1589,1589,411,411
boom,2234,monomorphemic,4.73,3.69,3,5. no evidence for borrowing,0701-800,800,701,1200,1299
boomstam,54,other,4.8,7.06,7,5. no evidence for borrowing,1618,1618,1618,382,382
boon,53,monomorphemic,4.73,6.53,3,5. no evidence for borrowing,1210-1240,1240,1210,760,790
bord,1193,monomorphemic,4.73,4.66,4,5. no evidence for borrowing,1138,1138,1138,862,862
boren,227,monomorphemic,3.93,7.53,4,5. no evidence for borrowing,1240,1240,1240,760,760
borst,1120,monomorphemic,4.87,5.91,5,5. no evidence for borrowing,0701-800,800,701,1200,1299
borstel,91,monomorphemic,4.93,5.38,7,5. no evidence for borrowing,1573,1573,1573,427,427
bos,2007,monomorphemic,4.71,5.34,3,5. no evidence for borrowing,1089,1089,1089,911,911
bouwen,1932,monomorphemic,3.53,5.53,4,5. no evidence for borrowing,0901-1000,1000,901,1000,1099
boven,10681,monomorphemic,3.47,5.5,4,5. no evidence for borrowing,1220-1240,1240,1220,760,780
braden,49,monomorphemic,3.93,8.78,5,5. no evidence for borrowing,1240,1240,1240,760,760
brak,854,monomorphemic,3.42,10.95,4,5. no evidence for borrowing,1477,1477,1477,523,523
braken,180,monomorphemic,4.33,7.21,5,5. no evidence for borrowing,1546,1546,1546,454,454
branden,798,monomorphemic,4.4,6.15,6,5. no evidence for borrowing,1445,1445,1445,555,555
brandhout,100,other,4.53,7.95,8,5. no evidence for borrowing,1605,1605,1605,395,395
breed,271,monomorphemic,3.07,6.46,4,5. no evidence for borrowing,0851-900,900,851,1100,1149
breken,1912,monomorphemic,4.07,5.65,5,5. no evidence for borrowing,1237,1237,1237,763,763
brengen,10921,monomorphemic,3.13,5.78,5,5. no evidence for borrowing,0901-1000,1000,901,1000,1099
broek,2926,monomorphemic,5,4.19,4,5. no evidence for borrowing,1285,1285,1285,715,715
broer,10732,monomorphemic,3.33,3.76,4,5. no evidence for borrowing,0901-1000,1000,901,1000,1099
brood,1442,monomorphemic,5,4.01,4,5. no evidence for borrowing,1101-1200,1200,1101,800,899
brug,1910,monomorphemic,4.73,5.47,4,5. no evidence for borrowing,0840-875,875,840,1125,1160
bruiloft,1591,other,4.07,7.71,7,5. no evidence for borrowing,1240,1240,1240,760,760
buigen,404,monomorphemic,4,6.84,4,5. no evidence for borrowing,0901-1000,1000,901,1000,1099
buik,1134,monomorphemic,4.53,3.78,3,5. no evidence for borrowing,0701-800,800,701,1200,1299
buit,425,monomorphemic,4,8.42,3,5. no evidence for borrowing,1573,1573,1573,427,427
buiten,15838,monomorphemic,2.73,4.96,4,5. no evidence for borrowing,1220-1240,1240,1220,760,780
buur,134,monomorphemic,3.4,5.58,3,5. no evidence for borrowing,1265-1270,1270,1265,730,735
daar,109607,monomorphemic,1.93,4.61,3,5. no evidence for borrowing,0901-1000,1000,901,1000,1099
dag,36914,monomorphemic,3,4.46,3,5. no evidence for borrowing,0901-1000,1000,901,1000,1099
dak,2394,monomorphemic,4.8,5.38,3,5. no evidence for borrowing,1240,1240,1240,760,760
dal,164,monomorphemic,4.13,7.4,3,5. no evidence for borrowing,856,856,856,1144,1144
dapper,871,monomorphemic,2,7.46,5,5. no evidence for borrowing,1637,1637,1637,363,363
dauw,41,monomorphemic,3.6,8.22,3,5. no evidence for borrowing,1100,1100,1100,900,900
deeg,80,monomorphemic,4.47,6.74,3,5. no evidence for borrowing,1240,1240,1240,760,760
deel,5976,monomorphemic,2.67,6.13,3,5. no evidence for borrowing,0901-1000,1000,901,1000,1099
deken,621,monomorphemic,4.73,5.19,4,5. no evidence for borrowing,1326-1350,1350,1326,650,674
delen,1970,monomorphemic,2.8,5.84,4,5. no evidence for borrowing,0901-1000,1000,901,1000,1099
den,188,monomorphemic,4.47,6.51,3,5. no evidence for borrowing,1225,1225,1225,775,775
denken,16473,monomorphemic,2,5.53,5,5. no evidence for borrowing,0901-1000,1000,901,1000,1099
derde,3329,other,3,5.85,5,5. no evidence for borrowing,1200,1200,1200,800,800
deur,10816,monomorphemic,4.93,4.44,3,5. no evidence for borrowing,0901-1000,1000,901,1000,1099
deurpost,15,other,4.27,10.47,7,5. no evidence for borrowing,1301-1400,1400,1301,600,699
deze,75025,monomorphemic,1.6,5.5,4,5. no evidence for borrowing,1130,1130,1130,870,870
dichtbij,2162,other,2.33,6.33,6,5. no evidence for borrowing,1801-1900,1900,1801,100,199
die,315030,monomorphemic,1.47,5.28,2,5. no evidence for borrowing,0901-1000,1000,901,1000,1099
dief,1310,monomorphemic,4,5.69,3,5. no evidence for borrowing,1240,1240,1240,760,760
diep,2984,monomorphemic,3.07,5.28,3,5. no evidence for borrowing,0701-800,800,701,1200,1299
dier,1219,monomorphemic,3.73,4.07,3,5. no evidence for borrowing,0901-1000,1000,901,1000,1099
dij,78,monomorphemic,4.87,8.18,2,5. no evidence for borrowing,0901-1000,1000,901,1000,1099
dik,1818,monomorphemic,4.2,5.46,3,5. no evidence for borrowing,1089,1089,1089,911,911
ding,12302,monomorphemic,1.8,4.92,3,5. no evidence for borrowing,0901-1000,1000,901,1000,1099
dinsdag,963,other,2.67,5.5,7,5. no evidence for borrowing,1269,1269,1269,731,731
dochter,9586,monomorphemic,3.6,5.57,6,5. no evidence for borrowing,0901-1000,1000,901,1000,1099
doden,5787,monomorphemic,3.87,5.98,4,5. no evidence for borrowing,1240,1240,1240,760,760
doen,117087,monomorphemic,1.93,4.59,3,5. no evidence for borrowing,0901-1000,1000,901,1000,1099
dom,3237,monomorphemic,2.07,5.39,3,5. no evidence for borrowing,0901-1000,1000,901,1000,1099
donder,889,monomorphemic,4.07,5.23,6,5. no evidence for borrowing,1240,1240,1240,760,760
donker,2665,monomorphemic,4,4.34,6,5. no evidence for borrowing,1240,1240,1240,760,760
dood,34673,monomorphemic,3.33,6.4,3,5. no evidence for borrowing,1100,1100,1100,900,900
doof,738,monomorphemic,2.93,6.9,3,5. no evidence for borrowing,1240,1240,1240,760,760
door,63639,monomorphemic,1.4,5.95,3,5. no evidence for borrowing,0901-1000,1000,901,1000,1099
dorp,2302,monomorphemic,4.33,6.04,4,5. no evidence for borrowing,0701-800,800,701,1200,1299
doven,102,monomorphemic,3.6,7.21,4,5. no evidence for borrowing,1611,1611,1611,389,389
draad,582,monomorphemic,4.6,5.98,4,5. no evidence for borrowing,1236,1236,1236,764,764
draaien,2237,monomorphemic,4.07,5.59,5,5. no evidence for borrowing,1240,1240,1240,760,760
draaikolk,26,other,4.4,9.5,8,5. no evidence for borrowing,1678,1678,1678,322,322
dragen,3622,monomorphemic,3.67,5.78,5,5. no evidence for borrowing,1100,1100,1100,900,900
drank,1671,monomorphemic,4.4,5.59,5,5. no evidence for borrowing,0901-1000,1000,901,1000,1099
dreigen,173,monomorphemic,2.47,9.36,5,5. no evidence for borrowing,1240,1240,1240,760,760
drie,22935,monomorphemic,3.2,3.41,3,5. no evidence for borrowing,820,820,820,1180,1180
driemaal,132,other,2.53,7.17,6,5. no evidence for borrowing,1582,1582,1582,418,418
drijven,554,monomorphemic,4.2,7.84,5,5. no evidence for borrowing,1339,1339,1339,661,661
drinken,8354,monomorphemic,4.07,3.56,6,5. no evidence for borrowing,0901-1000,1000,901,1000,1099
dromen,2352,monomorphemic,2.73,4.84,5,5. no evidence for borrowing,1240,1240,1240,760,760
dronken,3021,monomorphemic,3.33,9.06,6,5. no evidence for borrowing,1100,1100,1100,900,900
droog,856,monomorphemic,3.8,5.03,4,5. no evidence for borrowing,1100,1100,1100,900,900
druif,58,monomorphemic,5,5.35,4,5. no evidence for borrowing,1100,1100,1100,900,900
drukken,704,monomorphemic,3.87,6.78,5,5. no evidence for borrowing,1240,1240,1240,760,760
duif,217,monomorphemic,4.93,5.66,3,5. no evidence for borrowing,0901-1000,1000,901,1000,1099
duiken,698,monomorphemic,4.53,7.46,4,5. no evidence for borrowing,1287,1287,1287,713,713
duim,422,monomorphemic,5,4.01,3,5. no evidence for borrowing,1240,1240,1240,760,760
duizend,1765,monomorphemic,3.33,7.34,6,5. no evidence for borrowing,0701-800,800,701,1200,1299
dun,361,monomorphemic,3.6,6.03,3,5. no evidence for borrowing,1240,1240,1240,760,760
durven,724,monomorphemic,2.27,6.4,5,5. no evidence for borrowing,1568,1568,1568,432,432
duur,1373,monomorphemic,2.27,6.46,3,5. no evidence for borrowing,1100,1100,1100,900,900
duwen,973,monomorphemic,3.8,4.71,4,5. no evidence for borrowing,1285,1285,1285,715,715
eb,44,monomorphemic,3.73,8.21,2,5. no evidence for borrowing,1351-1375,1375,1351,625,649
eekhoorn,263,other,4.8,6.24,6,5. no evidence for borrowing,1287,1287,1287,713,713
een,777346,monomorphemic,2.13,3.7,2,5. no evidence for borrowing,0901-1000,1000,901,1000,1099
eend,366,monomorphemic,4.87,4.81,3,5. no evidence for borrowing,793,793,793,1207,1207
eerste,20570,other,2.2,5.15,5,5. no evidence for borrowing,1285,1285,1285,715,715
ei,707,monomorphemic,5,4.49,1,5. no evidence for borrowing,1230-1231,1231,1230,769,770
eik,67,monomorphemic,4.6,7.11,2,5. no evidence for borrowing,1137,1137,1137,863,863
eikel,2931,other,4.6,7.31,4,5. no evidence for borrowing,1240,1240,1240,760,760
einde,4937,monomorphemic,2.53,5.82,4,5. no evidence for borrowing,0901-1000,1000,901,1000,1099
els,29,monomorphemic,4.4,9.14,3,5. no evidence for borrowing,1240,1240,1240,760,760
en,611562,monomorphemic,1.2,4.17,2,5. no evidence for borrowing,0776-800,800,776,1200,1224
enkel,2794,monomorphemic,4,6.51,5,5. no evidence for borrowing,1351-1400,1400,1351,600,649
eten,14773,monomorphemic,4.6,3.46,3,5. no evidence for borrowing,0901-1000,1000,901,1000,1099
etter,217,monomorphemic,4.87,8.91,4,5. no evidence for borrowing,1240,1240,1240,760,760
fiets,881,monomorphemic,4.93,4.42,4,5. no evidence for borrowing,1886,1886,1886,114,114
fles,1999,monomorphemic,4.93,4.91,4,5. no evidence for borrowing,1351-1400,1400,1351,600,649
fluiten,204,monomorphemic,4.4,6.21,5,5. no evidence for borrowing,1501,1501,1501,499,499
fuik,7,monomorphemic,3.43,12.69,3,5. no evidence for borrowing,1383,1383,1383,617,617
gaan,115877,monomorphemic,2.8,4.4,3,5. no evidence for borrowing,0901-1000,1000,901,1000,1099
gans,202,monomorphemic,4.87,5.73,4,5. no evidence for borrowing,1240,1240,1240,760,760
garnaal,77,monomorphemic,4.8,7.46,6,5. no evidence for borrowing,1657,1657,1657,343,343
gast,2460,monomorphemic,3.6,7.54,4,5. no evidence for borrowing,1236,1236,1236,764,764
gastheer,330,other,3.53,9.67,7,5. no evidence for borrowing,1806-1807,1807,1806,193,194
gat,2182,monomorphemic,4.73,5.34,3,5. no evidence for borrowing,1236,1236,1236,764,764
gauw,2637,monomorphemic,1.73,7.71,3,5. no evidence for borrowing,1220-1240,1240,1220,760,780
geel,406,monomorphemic,3.8,3.98,3,5. no evidence for borrowing,1240,1240,1240,760,760
geeuwen,7,monomorphemic,4.13,5.65,4,5. no evidence for borrowing,1240,1240,1240,760,760
geit,350,monomorphemic,4.87,5.2,3,5. no evidence for borrowing,0701-800,800,701,1200,1299
gek,20367,monomorphemic,2,6.21,3,5. no evidence for borrowing,1401-1450,1450,1401,550,599
gekookt,290,monomorphemic,NA,NA,NA,5. no evidence for borrowing,1450,1450,1450,550,550
geld,34704,monomorphemic,4.6,5.34,4,5. no evidence for borrowing,0776-800,800,776,1200,1224
gelijk,11152,other,1.73,6.4,5,5. no evidence for borrowing,0901-1000,1000,901,1000,1099
geluid,2077,monomorphemic,3.67,4.9,5,5. no evidence for borrowing,1265-1270,1270,1265,730,735
geluk,7223,other,1.47,7.15,5,5. no evidence for borrowing,1240,1240,1240,760,760
genoeg,26230,other,1.27,5.61,5,5. no evidence for borrowing,1100,1100,1100,900,900
gereed,1099,monomorphemic,1.73,7.5,5,5. no evidence for borrowing,1230-1231,1231,1230,769,770
gerst,22,monomorphemic,4.43,9.55,5,5. no evidence for borrowing,1240,1240,1240,760,760
geslacht,316,monomorphemic,3.13,7.83,7,5. no evidence for borrowing,1285,1285,1285,715,715
getal,299,other,2.93,5.51,5,5. no evidence for borrowing,1240,1240,1240,760,760
gevecht,2140,other,3.93,6.09,6,5. no evidence for borrowing,1285,1285,1285,715,715
geven,20793,monomorphemic,3.47,4.9,4,5. no evidence for borrowing,0901-1000,1000,901,1000,1099
geweer,2393,other,4.93,6.34,5,5. no evidence for borrowing,1771,1771,1771,229,229
gezicht,8026,monomorphemic,4.2,5.14,6,5. no evidence for borrowing,1619,1619,1619,381,381
gezin,3482,other,3.67,6.2,5,5. no evidence for borrowing,1586,1586,1586,414,414
gezond,1390,monomorphemic,2.13,6.53,6,5. no evidence for borrowing,0901-1000,1000,901,1000,1099
gier,41,monomorphemic,4.87,8.36,3,5. no evidence for borrowing,1287,1287,1287,713,713
gierig,84,other,2.4,8.78,5,5. no evidence for borrowing,1100,1100,1100,900,900
gierst,5,monomorphemic,4.4,11.67,5,5. no evidence for borrowing,1577,1577,1577,423,423
gieten,85,monomorphemic,4.27,6.28,4,5. no evidence for borrowing,1220-1240,1240,1220,760,780
gissen,57,monomorphemic,2.14,10.28,4,5. no evidence for borrowing,1451-1500,1500,1451,500,549
glad,322,monomorphemic,4.07,5.96,4,5. no evidence for borrowing,1287,1287,1287,713,713
glas,2496,monomorphemic,4.73,4.84,4,5. no evidence for borrowing,1240,1240,1240,760,760
glijden,151,monomorphemic,4.07,6.46,5,5. no evidence for borrowing,0901-1000,1000,901,1000,1099
god,19944,other,1.73,5.71,3,5. no evidence for borrowing,0776-800,800,776,1200,1224
godsdienst,176,other,1.8,6.96,9,5. no evidence for borrowing,1301-1400,1400,1301,600,699
goed,152354,monomorphemic,1.47,4.03,3,5. no evidence for borrowing,0901-1000,1000,901,1000,1099
goedkoop,704,other,1.93,7.34,6,5. no evidence for borrowing,1390,1390,1390,610,610
golf,668,monomorphemic,4.47,7.16,4,5. no evidence for borrowing,1475,1475,1475,525,525
gooien,2165,monomorphemic,4.27,4.84,4,5. no evidence for borrowing,1350,1350,1350,650,650
gootsteen,123,other,4.8,7.33,7,5. no evidence for borrowing,1710,1710,1710,290,290
gordel,371,monomorphemic,4.8,6.71,6,5. no evidence for borrowing,1240,1240,1240,760,760
goud,2697,monomorphemic,4.73,6.72,3,5. no evidence for borrowing,0901-1000,1000,901,1000,1099
graf,1500,monomorphemic,4.53,6.36,4,5. no evidence for borrowing,0901-1000,1000,901,1000,1099
gras,810,monomorphemic,4.93,4.12,4,5. no evidence for borrowing,1125-1130,1130,1125,870,875
graven,723,monomorphemic,4.13,5.9,5,5. no evidence for borrowing,0901-1000,1000,901,1000,1099
groeien,1120,monomorphemic,3.2,5.09,5,5. no evidence for borrowing,1100,1100,1100,900,900
groen,1209,monomorphemic,4.2,4.04,4,5. no evidence for borrowing,1040,1040,1040,960,960
groente,190,other,3.73,5.56,6,5. no evidence for borrowing,1721,1721,1721,279,279
groot,10356,monomorphemic,3.2,4.28,4,5. no evidence for borrowing,1177-1187,1187,1177,813,823
haak,412,monomorphemic,4.8,6.6,3,5. no evidence for borrowing,1240,1240,1240,760,760
haan,176,monomorphemic,4.93,5.4,3,5. no evidence for borrowing,0701-800,800,701,1200,1299
haar,125141,monomorphemic,4.73,4.31,3,5. no evidence for borrowing,1100,1100,1100,900,900
haard,281,monomorphemic,4.87,7.31,4,5. no evidence for borrowing,1350,1350,1350,650,650
haas,81,monomorphemic,4.67,5.73,3,5. no evidence for borrowing,1240,1240,1240,760,760
hakken,301,monomorphemic,4.13,8.01,4,5. no evidence for borrowing,1350,1350,1350,650,650
hals,327,monomorphemic,4.93,6.71,4,5. no evidence for borrowing,1080,1080,1080,920,920
hamer,362,monomorphemic,4.8,6.5,5,5. no evidence for borrowing,0801-850,850,801,1150,1199
hand,8736,monomorphemic,4.87,3.73,4,5. no evidence for borrowing,0701-800,800,701,1200,1299
handdoek,459,other,5,5.78,6,5. no evidence for borrowing,1240,1240,1240,760,760
handschoen,292,other,4.67,5.39,8,5. no evidence for borrowing,1286,1286,1286,714,714
hangslot,21,other,4.73,9.39,7,5. no evidence for borrowing,1895,1895,1895,105,105
hard,6941,monomorphemic,3.4,5.55,4,5. no evidence for borrowing,0901-1000,1000,901,1000,1099
haring,57,monomorphemic,4.6,8.54,5,5. no evidence for borrowing,1101-1200,1200,1101,800,899
hark,57,monomorphemic,4.93,7.46,4,5. no evidence for borrowing,1420,1420,1420,580,580
hart,8462,monomorphemic,4.73,5.56,4,5. no evidence for borrowing,0901-1000,1000,901,1000,1099
haten,1135,monomorphemic,1.93,7.4,4,5. no evidence for borrowing,0901-1000,1000,901,1000,1099
haven,731,monomorphemic,4.6,7.63,4,5. no evidence for borrowing,1240,1240,1240,760,760
haver,39,monomorphemic,4.8,8.54,5,5. no evidence for borrowing,1280,1280,1280,720,720
havik,97,monomorphemic,4.87,9.04,5,5. no evidence for borrowing,1287,1287,1287,713,713
hebben,150140,monomorphemic,1.87,4.09,4,5. no evidence for borrowing,0901-1000,1000,901,1000,1099
heet,14014,monomorphemic,3.8,5.53,3,5. no evidence for borrowing,0901-1000,1000,901,1000,1099
heilig,522,other,1.33,8,5,5. no evidence for borrowing,0776-800,800,776,1200,1224
hek,982,monomorphemic,4.73,6.15,3,5. no evidence for borrowing,1227,1227,1227,773,773
helder,864,monomorphemic,3.33,7.94,6,5. no evidence for borrowing,1573,1573,1573,427,427
helft,2872,other,3.6,6.56,5,5. no evidence for borrowing,1236,1236,1236,764,764
helm,445,monomorphemic,4.93,6.4,4,5. no evidence for borrowing,1080,1080,1080,920,920
helpen,25322,monomorphemic,2.73,5.4,5,5. no evidence for borrowing,0901-1000,1000,901,1000,1099
hemd,523,monomorphemic,4.87,5.48,4,5. no evidence for borrowing,1240,1240,1240,760,760
hemel,5064,monomorphemic,2.6,6.09,5,5. no evidence for borrowing,0901-1000,1000,901,1000,1099
hen,14258,monomorphemic,3.6,7.28,3,5. no evidence for borrowing,1240,1240,1240,760,760
hengst,197,monomorphemic,4.57,8.71,5,5. no evidence for borrowing,0701-800,800,701,1200,1299
herder,256,other,3.8,6.9,6,5. no evidence for borrowing,1240,1240,1240,760,760
herfst,391,monomorphemic,2.73,6.46,6,5. no evidence for borrowing,1050,1050,1050,950,950
hert,253,monomorphemic,4.93,6.51,4,5. no evidence for borrowing,0901-1000,1000,901,1000,1099
het,735390,monomorphemic,1.2,4.83,2,5. no evidence for borrowing,0901-1000,1000,901,1000,1099
heup,179,monomorphemic,4.53,8.32,3,5. no evidence for borrowing,1240,1240,1240,760,760
heuvel,685,monomorphemic,4.67,6.9,5,5. no evidence for borrowing,0901-1000,1000,901,1000,1099
hiel,35,monomorphemic,4.47,6.63,3,5. no evidence for borrowing,1285,1285,1285,715,715
hier,197493,monomorphemic,2.13,5,3,5. no evidence for borrowing,1236,1236,1236,764,764
hij,388127,monomorphemic,2.07,4.72,2,5. no evidence for borrowing,0901-1000,1000,901,1000,1099
hoe,140645,monomorphemic,1.14,5.06,2,5. no evidence for borrowing,0901-1000,1000,901,1000,1099
hoed,1553,monomorphemic,4.93,5.39,3,5. no evidence for borrowing,1253,1253,1253,747,747
hoek,2142,monomorphemic,4.33,5.15,3,5. no evidence for borrowing,1177-1187,1187,1177,813,823
hoer,2417,monomorphemic,3.27,9.98,3,5. no evidence for borrowing,1240,1240,1240,760,760
hoesten,123,monomorphemic,4.07,5.78,5,5. no evidence for borrowing,1290,1290,1290,710,710
hoeveel,12360,other,1.47,6.72,5,5. no evidence for borrowing,1282-1287,1287,1282,713,718
hof,887,monomorphemic,3.27,8.28,3,5. no evidence for borrowing,976,976,976,1024,1024
hond,7320,monomorphemic,5,3.76,4,5. no evidence for borrowing,0901-1000,1000,901,1000,1099
honderd,2080,monomorphemic,3.27,6.46,7,5. no evidence for borrowing,1236,1236,1236,764,764
honing,313,monomorphemic,4.67,5.46,5,5. no evidence for borrowing,0901-1000,1000,901,1000,1099
hoofd,11960,monomorphemic,4.8,3.93,4,5. no evidence for borrowing,0901-1000,1000,901,1000,1099
hoog,2761,monomorphemic,3.13,4.46,3,5. no evidence for borrowing,1130-1161,1161,1130,839,870
hooi,126,monomorphemic,4.8,6.55,3,5. no evidence for borrowing,1050,1050,1050,950,950
hopen,1807,monomorphemic,1.87,7.34,4,5. no evidence for borrowing,1240,1240,1240,760,760
horen,15397,monomorphemic,3.53,4.59,4,5. no evidence for borrowing,1200,1200,1200,800,800
houden,21985,monomorphemic,2.27,5.53,4,5. no evidence for borrowing,0901-1000,1000,901,1000,1099
hout,1026,monomorphemic,4.6,5.41,3,5. no evidence for borrowing,741,741,741,1259,1259
houtskool,50,other,4.53,8.78,7,5. no evidence for borrowing,1616,1616,1616,384,384
huid,1730,monomorphemic,4.67,6.89,3,5. no evidence for borrowing,1100,1100,1100,900,900
huilen,2384,monomorphemic,4.13,4.4,4,5. no evidence for borrowing,1287,1287,1287,713,713
huis,35708,monomorphemic,4.93,4.24,3,5. no evidence for borrowing,893,893,893,1107,1107
hurken,13,monomorphemic,4.13,7.21,5,5. no evidence for borrowing,1599,1599,1599,401,401
ijs,2459,monomorphemic,4.8,4.59,2,5. no evidence for borrowing,1240,1240,1240,760,760
ik,1743609,monomorphemic,2.8,3.06,2,5. no evidence for borrowing,0776-800,800,776,1200,1224
in,385585,monomorphemic,2.4,4.94,2,5. no evidence for borrowing,0776-800,800,776,1200,1224
indien,471,other,1.4,9.15,5,5. no evidence for borrowing,1463,1463,1463,537,537
ja,149331,monomorphemic,1.53,2.25,2,5. no evidence for borrowing,1240,1240,1240,760,760
jaar,33319,monomorphemic,2.07,4.45,3,5. no evidence for borrowing,1236,1236,1236,764,764
jagen,1424,monomorphemic,3.67,7.59,4,5. no evidence for borrowing,1240,1240,1240,760,760
jeuk,113,monomorphemic,4.33,6.52,3,5. no evidence for borrowing,1240,1240,1240,760,760
jij,191966,monomorphemic,2.4,4.67,2,5. no evidence for borrowing,1617,1617,1617,383,383
jong,3628,monomorphemic,2.4,6.28,3,5. no evidence for borrowing,1100,1100,1100,900,900
jongen,19052,monomorphemic,4.67,3.85,4,5. no evidence for borrowing,1479,1479,1479,521,521
juk,47,monomorphemic,3.31,11.48,3,5. no evidence for borrowing,1240,1240,1240,760,760
jullie,101701,monomorphemic,2,4.75,4,5. no evidence for borrowing,1601-1700,1700,1601,300,399
kaak,223,monomorphemic,4.53,5.35,3,5. no evidence for borrowing,1285,1285,1285,715,715
kaal,330,monomorphemic,4.53,6.15,3,5. no evidence for borrowing,1240,1240,1240,760,760
kalf,134,monomorphemic,4.73,6.13,4,5. no evidence for borrowing,0901-1000,1000,901,1000,1099
kam,172,monomorphemic,4.8,5.34,3,5. no evidence for borrowing,1240,1240,1240,760,760
kauwen,205,monomorphemic,4.47,6.09,4,5. no evidence for borrowing,1240,1240,1240,760,760
keel,1191,monomorphemic,4.67,5.32,3,5. no evidence for borrowing,0901-1000,1000,901,1000,1099
ketting,837,other,4.87,5.85,5,5. no evidence for borrowing,1401-1500,1500,1401,500,599
kies,1483,monomorphemic,4.07,6.79,3,5. no evidence for borrowing,1440,1440,1440,560,560
kiezen,2586,monomorphemic,2.87,5.78,4,5. no evidence for borrowing,1240,1240,1240,760,760
kijken,21656,monomorphemic,3.67,4.46,4,5. no evidence for borrowing,1350,1350,1350,650,650
kikker,352,monomorphemic,4.93,5.46,5,5. no evidence for borrowing,1623,1623,1623,377,377
kin,289,monomorphemic,4.93,5.01,3,5. no evidence for borrowing,1201-1225,1225,1201,775,799
kind,14562,monomorphemic,4.67,4.17,4,5. no evidence for borrowing,0901-1000,1000,901,1000,1099
kip,1646,monomorphemic,4.87,4.37,3,5. no evidence for borrowing,1588,1588,1588,412,412
klauw,91,monomorphemic,4.67,7.12,4,5. no evidence for borrowing,0901-1000,1000,901,1000,1099
kleding,984,other,4.2,6.34,6,5. no evidence for borrowing,1240,1240,1240,760,760
klei,117,monomorphemic,4.8,5.79,3,5. no evidence for borrowing,1344,1344,1344,656,656
klein,8347,monomorphemic,2.73,4.03,4,5. no evidence for borrowing,1140-1170,1170,1140,830,860
kleinkind,94,other,3.47,7.23,8,5. no evidence for borrowing,1765,1765,1765,235,235
kleinzoon,434,other,3.33,7.86,7,5. no evidence for borrowing,1661,1661,1661,339,339
kleren,4585,monomorphemic,4.33,4.39,5,5. no evidence for borrowing,1521,1521,1521,479,479
klif,139,monomorphemic,4.47,10.58,4,5. no evidence for borrowing,1476-1500,1500,1476,500,524
klimmen,576,monomorphemic,3.93,5.89,5,5. no evidence for borrowing,1265-1270,1270,1265,730,735
klink,200,monomorphemic,4.87,6.48,5,5. no evidence for borrowing,1240,1240,1240,760,760
kneden,25,monomorphemic,3.73,6.65,5,5. no evidence for borrowing,1301-1400,1400,1301,600,699
knie,447,monomorphemic,4.79,4.66,3,5. no evidence for borrowing,1156,1156,1156,844,844
knielen,160,monomorphemic,3.87,7.9,5,5. no evidence for borrowing,1240,1240,1240,760,760
knijpen,267,monomorphemic,4.47,6.15,5,5. no evidence for borrowing,1599,1599,1599,401,401
knoop,294,monomorphemic,4.8,6.23,4,5. no evidence for borrowing,1265-1270,1270,1265,730,735
knuppel,318,monomorphemic,4.6,8.22,6,5. no evidence for borrowing,1654,1654,1654,346,346
koe,810,monomorphemic,5,4.17,2,5. no evidence for borrowing,0901-1000,1000,901,1000,1099
kom,114146,monomorphemic,4.6,5.28,3,5. no evidence for borrowing,1277,1277,1277,723,723
komen,50015,monomorphemic,3.33,4.34,4,5. no evidence for borrowing,0901-1000,1000,901,1000,1099
koning,6013,monomorphemic,3.47,5.32,5,5. no evidence for borrowing,0901-1000,1000,901,1000,1099
koorts,646,monomorphemic,3.87,6.03,5,5. no evidence for borrowing,1285,1285,1285,715,715
koud,4195,monomorphemic,3.73,4.09,3,5. no evidence for borrowing,1130-1161,1161,1130,839,870
kraag,157,monomorphemic,4.73,7.45,4,5. no evidence for borrowing,1350,1350,1350,650,650
kraai,95,monomorphemic,4.8,7.5,4,5. no evidence for borrowing,1240,1240,1240,760,760
kraan,277,monomorphemic,4.87,5.65,4,5. no evidence for borrowing,1354,1354,1354,646,646
krabben,267,monomorphemic,4.53,5.4,5,5. no evidence for borrowing,1400,1400,1400,600,600
kreunen,60,monomorphemic,4,10.71,5,5. no evidence for borrowing,1265-1270,1270,1265,730,735
krijgen,21729,monomorphemic,2.27,4.84,5,5. no evidence for borrowing,1265-1270,1270,1265,730,735
krijsen,36,monomorphemic,3.67,6.65,5,5. no evidence for borrowing,1287,1287,1287,713,713
krom,124,monomorphemic,4,6.78,4,5. no evidence for borrowing,875,875,875,1125,1125
krop,11,monomorphemic,4,8.97,4,5. no evidence for borrowing,1617,1617,1617,383,383
kruik,68,monomorphemic,4.8,8.27,4,5. no evidence for borrowing,1240,1240,1240,760,760
kruipen,534,monomorphemic,4.07,4.46,5,5. no evidence for borrowing,1240,1240,1240,760,760
kuiken,29,monomorphemic,4.8,4.71,4,5. no evidence for borrowing,1401-1450,1450,1401,550,599
kuit,21,monomorphemic,4.67,7.85,3,5. no evidence for borrowing,1494,1494,1494,506,506
laag,1166,monomorphemic,2.8,5.28,3,5. no evidence for borrowing,1240,1240,1240,760,760
laars,181,monomorphemic,4.93,5.96,4,5. no evidence for borrowing,1240,1240,1240,760,760
laat,74916,monomorphemic,1.6,5.5,3,5. no evidence for borrowing,1281,1281,1281,719,719
laatste,17438,monomorphemic,2.47,5.56,NA,5. no evidence for borrowing,1281,1281,1281,719,719
lachen,3877,monomorphemic,3.93,4.59,4,5. no evidence for borrowing,1220-1240,1240,1220,760,780
ladder,406,monomorphemic,4.67,6.06,5,5. no evidence for borrowing,1317,1317,1317,683,683
land,10577,monomorphemic,3.33,5.88,4,5. no evidence for borrowing,1200,1200,1200,800,800
lang,26092,monomorphemic,3.4,5.34,3,5. no evidence for borrowing,0788-789,789,788,1211,1212
leeftijd,1967,other,2.8,6.95,6,5. no evidence for borrowing,1688,1688,1688,312,312
leeg,2693,monomorphemic,3.47,4.78,3,5. no evidence for borrowing,1599,1599,1599,401,401
leer,1809,monomorphemic,4.07,7.59,3,5. no evidence for borrowing,1240,1240,1240,760,760
leerling,568,other,3.8,6.67,6,5. no evidence for borrowing,1496,1496,1496,504,504
leger,4664,monomorphemic,4.13,7.05,5,5. no evidence for borrowing,1596,1596,1596,404,404
leggen,3004,monomorphemic,3.27,5.71,4,5. no evidence for borrowing,1240,1240,1240,760,760
leiden,2718,other,3.13,7.46,4,5. no evidence for borrowing,0901-1000,1000,901,1000,1099
leider,2001,other,3,7.19,5,5. no evidence for borrowing,1285,1285,1285,715,715
lelijk,1277,monomorphemic,2.13,5.34,5,5. no evidence for borrowing,1220-1240,1240,1220,760,780
lenen,1540,monomorphemic,2.8,7.46,4,5. no evidence for borrowing,1240,1240,1240,760,760
lente,646,monomorphemic,3.2,5.73,5,5. no evidence for borrowing,1050,1050,1050,950,950
lepel,217,monomorphemic,4.93,4.19,5,5. no evidence for borrowing,1240,1240,1240,760,760
leraar,1294,other,3.13,6.74,5,5. no evidence for borrowing,1240,1240,1240,760,760
leren,9002,monomorphemic,2.73,5.9,4,5. no evidence for borrowing,0901-1000,1000,901,1000,1099
lever,487,monomorphemic,4.27,8.77,5,5. no evidence for borrowing,1240,1240,1240,760,760
lezen,4710,monomorphemic,3.93,5.65,4,5. no evidence for borrowing,1250,1250,1250,750,750
lichaam,6448,monomorphemic,4.47,6.09,5,5. no evidence for borrowing,1100,1100,1100,900,900
lied,930,monomorphemic,4.47,4.74,3,5. no evidence for borrowing,1260-1270,1270,1260,730,740
liegen,2626,monomorphemic,2.4,5.29,4,5. no evidence for borrowing,0901-1000,1000,901,1000,1099
lijk,1727,monomorphemic,4.07,8.47,3,5. no evidence for borrowing,1240,1240,1240,760,760
lijken,3548,monomorphemic,2.13,7.65,4,5. no evidence for borrowing,1450,1450,1450,550,550
lijm,170,monomorphemic,4.53,5.05,3,5. no evidence for borrowing,1240,1240,1240,760,760
lijn,2979,monomorphemic,4.67,5.52,3,5. no evidence for borrowing,1477,1477,1477,523,523
likken,311,monomorphemic,4.33,5.9,4,5. no evidence for borrowing,0901-1000,1000,901,1000,1099
links,2912,monomorphemic,3.27,5.59,5,5. no evidence for borrowing,1477,1477,1477,523,523
linnen,41,monomorphemic,4.27,9.84,4,5. no evidence for borrowing,1236,1236,1236,764,764
lip,259,monomorphemic,4.8,4.79,3,5. no evidence for borrowing,1100,1100,1100,900,900
lof,167,monomorphemic,1.73,10.4,3,5. no evidence for borrowing,0901-1000,1000,901,1000,1099
long,286,monomorphemic,4.73,8.65,3,5. no evidence for borrowing,1240,1240,1240,760,760
loon,815,monomorphemic,3.07,9.18,3,5. no evidence for borrowing,1080,1080,1080,920,920
lopen,9687,monomorphemic,3.93,4.14,4,5. no evidence for borrowing,0901-1000,1000,901,1000,1099
lucht,3826,monomorphemic,3.87,5.24,4,5. no evidence for borrowing,1240,1240,1240,760,760
lui,1762,monomorphemic,2.07,6.15,2,5. no evidence for borrowing,1440,1440,1440,560,560
luid,397,monomorphemic,3.53,5.15,3,5. no evidence for borrowing,1285,1285,1285,715,715
luis,205,monomorphemic,4.73,6.91,3,5. no evidence for borrowing,1285,1285,1285,715,715
maag,1014,monomorphemic,4.53,6.65,3,5. no evidence for borrowing,1240,1240,1240,760,760
maaltijd,672,other,3.8,6.55,6,5. no evidence for borrowing,1285,1285,1285,715,715
maan,1801,monomorphemic,4.93,5.34,3,5. no evidence for borrowing,0901-1000,1000,901,1000,1099
maand,4074,monomorphemic,2.67,6.34,4,5. no evidence for borrowing,1050,1050,1050,950,950
maandag,1351,other,2.13,5.09,6,5. no evidence for borrowing,1253,1253,1253,747,747
maken,41858,monomorphemic,2.93,5.34,4,5. no evidence for borrowing,0901-1000,1000,901,1000,1099
malen,178,monomorphemic,3.6,9.53,4,5. no evidence for borrowing,1240,1240,1240,760,760
mand,187,monomorphemic,4.87,5.7,4,5. no evidence for borrowing,1285,1285,1285,715,715
mast,90,monomorphemic,4.73,7.83,4,5. no evidence for borrowing,1080,1080,1080,920,920
mede,122,monomorphemic,1.4,10.94,4,5. no evidence for borrowing,1265,1265,1265,735,735
meel,63,monomorphemic,4.57,7.64,3,5. no evidence for borrowing,1240,1240,1240,760,760
meeuw,27,monomorphemic,4.87,6.75,3,5. no evidence for borrowing,1287,1287,1287,713,713
meineed,111,other,2,13.3,5,5. no evidence for borrowing,1240,1240,1240,760,760
meisje,16737,other,4.67,3.89,5,5. no evidence for borrowing,1629,1629,1629,371,371
melk,1733,monomorphemic,4.8,3.69,4,5. no evidence for borrowing,1240,1240,1240,760,760
melken,102,monomorphemic,4.27,6.28,5,5. no evidence for borrowing,1300,1300,1300,700,700
menen,366,monomorphemic,1.93,7.59,4,5. no evidence for borrowing,1265-1270,1270,1265,730,735
mens,6323,monomorphemic,4.27,5.05,4,5. no evidence for borrowing,1236,1236,1236,764,764
merrie,119,monomorphemic,4.6,8.6,4,5. no evidence for borrowing,0701-800,800,701,1200,1299
mes,2022,monomorphemic,4.73,4.8,3,5. no evidence for borrowing,1240,1240,1240,760,760
met,297827,monomorphemic,1.36,4.89,3,5. no evidence for borrowing,0901-1000,1000,901,1000,1099
meten,263,monomorphemic,3.67,7.03,4,5. no evidence for borrowing,1240,1240,1240,760,760
middel,623,monomorphemic,2.47,7.84,5,5. no evidence for borrowing,1102-1105,1105,1102,895,898
midden,1297,monomorphemic,3.07,6.53,4,5. no evidence for borrowing,694,694,694,1306,1306
mier,110,monomorphemic,4.87,5.34,3,5. no evidence for borrowing,1240,1240,1240,760,760
milt,70,monomorphemic,3.8,10.27,4,5. no evidence for borrowing,1287,1287,1287,713,713
misdaad,1860,other,2.27,8.46,6,5. no evidence for borrowing,0901-1000,1000,901,1000,1099
missen,3732,monomorphemic,2.33,6.4,4,5. no evidence for borrowing,1200,1200,1200,800,800
mist,1490,monomorphemic,4.53,6.88,4,5. no evidence for borrowing,1287,1287,1287,713,713
modder,558,monomorphemic,4.6,5.84,5,5. no evidence for borrowing,1287,1287,1287,713,713
moe,3764,monomorphemic,2.79,4.14,2,5. no evidence for borrowing,1100,1100,1100,900,900
moeder,28524,monomorphemic,3,3.99,5,5. no evidence for borrowing,0901-1000,1000,901,1000,1099
moeilijk,9060,other,1.47,5.96,6,5. no evidence for borrowing,1287,1287,1287,713,713
mond,7253,monomorphemic,4.73,3.78,4,5. no evidence for borrowing,0698-699,699,698,1301,1302
mooi,26934,monomorphemic,2.07,4.28,3,5. no evidence for borrowing,1350,1350,1350,650,650
moord,6181,monomorphemic,3.53,8.23,4,5. no evidence for borrowing,1260-1280,1280,1260,720,740
morgen,17412,monomorphemic,1.73,4.65,5,5. no evidence for borrowing,1240,1240,1240,760,760
mug,99,monomorphemic,4.8,5.71,3,5. no evidence for borrowing,1240,1240,1240,760,760
muis,473,monomorphemic,5,4.54,3,5. no evidence for borrowing,1240,1240,1240,760,760
na,25919,monomorphemic,1.53,5.45,2,5. no evidence for borrowing,1200,1200,1200,800,800
naaien,786,monomorphemic,4.07,7.03,4,5. no evidence for borrowing,1240,1240,1240,760,760
naakt,1236,monomorphemic,4.4,7.34,4,5. no evidence for borrowing,1236,1236,1236,764,764
naald,371,monomorphemic,4.8,6.68,4,5. no evidence for borrowing,1156,1156,1156,844,844
naam,20536,monomorphemic,2.6,4.36,3,5. no evidence for borrowing,1236,1236,1236,764,764
naast,4046,monomorphemic,1.93,5.79,4,5. no evidence for borrowing,1285,1285,1285,715,715
nacht,8916,monomorphemic,3.8,4.6,4,5. no evidence for borrowing,0901-1000,1000,901,1000,1099
nadoen,93,other,3.33,6.4,5,5. no evidence for borrowing,1451-1500,1500,1451,500,549
najaar,56,other,2.2,9.61,5,5. no evidence for borrowing,1599,1599,1599,401,401
nat,1158,monomorphemic,4.53,4.59,3,5. no evidence for borrowing,0901-1000,1000,901,1000,1099
nauw,242,monomorphemic,2.73,8.46,3,5. no evidence for borrowing,1285,1285,1285,715,715
navel,69,monomorphemic,4.8,5.83,5,5. no evidence for borrowing,1240,1240,1240,760,760
nee,134605,monomorphemic,2.47,2.56,2,5. no evidence for borrowing,1350,1350,1350,650,650
neef,2113,monomorphemic,3.13,5.37,3,5. no evidence for borrowing,1240,1240,1240,760,760
neet,10,monomorphemic,4.42,9.4,3,5. no evidence for borrowing,1240,1240,1240,760,760
negen,2756,monomorphemic,3.07,4.86,4,5. no evidence for borrowing,0701-800,800,701,1200,1299
nek,2520,monomorphemic,4.6,5.19,3,5. no evidence for borrowing,1350,1350,1350,650,650
nemen,17111,monomorphemic,3,5.03,4,5. no evidence for borrowing,0901-1000,1000,901,1000,1099
nest,488,monomorphemic,4.33,5.94,4,5. no evidence for borrowing,1100,1100,1100,900,900
netel,NA,monomorphemic,4.93,7.2,5,5. no evidence for borrowing,1287,1287,1287,713,713
neus,3052,monomorphemic,4.93,3.95,3,5. no evidence for borrowing,1236,1236,1236,764,764
nicht,978,monomorphemic,3.07,5.67,4,5. no evidence for borrowing,1220-1240,1240,1220,760,780
nier,170,monomorphemic,4.4,9.34,3,5. no evidence for borrowing,1287,1287,1287,713,713
niet,801268,monomorphemic,1.2,3.96,3,5. no evidence for borrowing,0901-1000,1000,901,1000,1099
niets,56283,other,1.47,5.81,4,5. no evidence for borrowing,1270-1290,1290,1270,710,730
nieuw,5216,monomorphemic,1.93,6.09,3,5. no evidence for borrowing,1040,1040,1040,960,960
niezen,81,monomorphemic,4.13,5.9,4,5. no evidence for borrowing,1240,1240,1240,760,760
noemen,6188,monomorphemic,2.47,5.59,4,5. no evidence for borrowing,1249,1249,1249,751,751
nok,30,monomorphemic,4,10.74,3,5. no evidence for borrowing,1599,1599,1599,401,401
noodzaak,147,other,1.93,10.05,6,5. no evidence for borrowing,1236,1236,1236,764,764
nooit,63864,monomorphemic,1.2,5.44,4,5. no evidence for borrowing,1265-1270,1270,1265,730,735
noorden,1210,other,3.53,7.44,5,5. no evidence for borrowing,1240,1240,1240,760,760
noot,167,monomorphemic,4.64,5.54,3,5. no evidence for borrowing,1285,1285,1285,715,715
nu,134490,monomorphemic,1.53,4.94,2,5. no evidence for borrowing,0901-1000,1000,901,1000,1099
ochtend,1723,monomorphemic,2.73,5.48,6,5. no evidence for borrowing,1351-1400,1400,1351,600,649
oever,157,monomorphemic,4.4,7.79,4,5. no evidence for borrowing,1287,1287,1287,713,713
of,101777,monomorphemic,1.07,4.33,2,5. no evidence for borrowing,0901-1000,1000,901,1000,1099
oksel,23,monomorphemic,4.93,6.37,5,5. no evidence for borrowing,1240,1240,1240,760,760
omdat,38015,other,1.13,6,5,5. no evidence for borrowing,1637,1637,1637,363,363
omhoog,4674,other,2.73,6.06,5,5. no evidence for borrowing,1486,1486,1486,514,514
omlaag,1023,other,3.13,5.67,5,5. no evidence for borrowing,1860-1875,1875,1860,125,140
onder,20248,monomorphemic,2.8,5.22,5,5. no evidence for borrowing,1330,1330,1330,670,670
ondiep,54,other,3.2,7.6,5,5. no evidence for borrowing,1270-1280,1280,1270,720,730
ontbijt,1730,other,4.27,5.17,6,5. no evidence for borrowing,1240,1240,1240,760,760
oog,2975,monomorphemic,5,4.11,2,5. no evidence for borrowing,0901-1000,1000,901,1000,1099
ooglid,18,other,4.73,8.5,5,5. no evidence for borrowing,1287,1287,1287,713,713
oom,4757,monomorphemic,3.07,5.54,2,5. no evidence for borrowing,1240,1240,1240,760,760
oor,1094,monomorphemic,4.8,4.48,2,5. no evidence for borrowing,0701-800,800,701,1200,1299
oorbel,73,other,4.8,6.05,5,5. no evidence for borrowing,1648,1648,1648,352,352
oorlog,7712,monomorphemic,2.87,7.4,5,5. no evidence for borrowing,1240,1240,1240,760,760
oosten,602,other,3.27,7.89,4,5. no evidence for borrowing,1248-1271,1271,1248,729,752
op,352839,monomorphemic,1.87,4.28,2,5. no evidence for borrowing,777,777,777,1223,1223
opnieuw,4484,other,1.53,6.72,5,5. no evidence for borrowing,1450,1450,1450,550,550
os,89,monomorphemic,4.6,7.34,2,5. no evidence for borrowing,0701-800,800,701,1200,1299
oud,8007,monomorphemic,3.2,5.28,2,5. no evidence for borrowing,893,893,893,1107,1107
ouders,7548,other,3.07,5.11,NA,5. no evidence for borrowing,1287,1287,1287,713,713
oven,423,monomorphemic,4.6,6.37,3,5. no evidence for borrowing,1240,1240,1240,760,760
pad,1829,monomorphemic,4.53,5.96,3,5. no evidence for borrowing,1240,1240,1240,760,760
paling,41,monomorphemic,4.73,8.42,5,5. no evidence for borrowing,1080,1080,1080,920,920
plassen,690,monomorphemic,4.13,3.25,5,5. no evidence for borrowing,1950,1950,1950,50,50
ploegen,71,monomorphemic,3.87,7.9,5,5. no evidence for borrowing,1240,1240,1240,760,760
poepen,139,monomorphemic,4.07,10.56,4,5. no evidence for borrowing,1889,1889,1889,111,111
priem,14,monomorphemic,4.23,9.58,4,5. no evidence for borrowing,1254,1254,1254,746,746
raam,3092,monomorphemic,4.87,4.58,3,5. no evidence for borrowing,1277,1277,1277,723,723
raden,1190,monomorphemic,2.4,6.71,4,5. no evidence for borrowing,1100,1100,1100,900,900
ram,135,monomorphemic,4.36,9.34,3,5. no evidence for borrowing,1223,1223,1223,777,777
rand,825,monomorphemic,4.33,6.79,4,5. no evidence for borrowing,1285,1285,1285,715,715
rat,875,monomorphemic,5,5.98,3,5. no evidence for borrowing,1240,1240,1240,760,760
ratel,17,monomorphemic,4.07,8.66,5,5. no evidence for borrowing,1488,1488,1488,512,512
rauw,204,monomorphemic,3.8,8.15,3,5. no evidence for borrowing,1266-1268,1268,1266,732,734
recht,4756,monomorphemic,3.47,6.9,4,5. no evidence for borrowing,0901-1000,1000,901,1000,1099
rechtbank,1115,other,3.93,9.67,8,5. no evidence for borrowing,1469,1469,1469,531,531
rechter,2619,monomorphemic,3,8.68,6,5. no evidence for borrowing,1240,1240,1240,760,760
rechts,2556,monomorphemic,3.4,6.71,5,5. no evidence for borrowing,1477,1477,1477,523,523
redden,7536,monomorphemic,2.8,6.59,4,5. no evidence for borrowing,1471,1471,1471,529,529
reden,6871,monomorphemic,1.73,8.11,4,5. no evidence for borrowing,1350,1350,1350,650,650
regen,1157,monomorphemic,4.6,4.49,4,5. no evidence for borrowing,0901-1000,1000,901,1000,1099
reiger,8,monomorphemic,4.73,9.04,5,5. no evidence for borrowing,1285,1285,1285,715,715
remmen,268,monomorphemic,4.13,6.09,4,5. no evidence for borrowing,1477,1477,1477,523,523
rennen,3186,monomorphemic,4.47,5.65,4,5. no evidence for borrowing,1240,1240,1240,760,760
rib,92,monomorphemic,4.8,8.12,3,5. no evidence for borrowing,1240,1240,1240,760,760
rijden,6557,monomorphemic,3.6,4.9,4,5. no evidence for borrowing,1220-1240,1240,1220,760,780
rijp,353,monomorphemic,3.67,7.21,3,5. no evidence for borrowing,1100,1100,1100,900,900
rillen,19,monomorphemic,4,8.21,4,5. no evidence for borrowing,1678,1678,1678,322,322
ring,2210,monomorphemic,4.67,5.25,3,5. no evidence for borrowing,0901-1000,1000,901,1000,1099
roeien,334,monomorphemic,4.07,7.9,4,5. no evidence for borrowing,1240,1240,1240,760,760
roer,253,monomorphemic,4.47,7.98,3,5. no evidence for borrowing,1240,1240,1240,760,760
roeren,95,monomorphemic,3.87,6.28,4,5. no evidence for borrowing,1240,1240,1240,760,760
rog,58,monomorphemic,4.86,10.18,3,5. no evidence for borrowing,1287,1287,1287,713,713
rok,315,monomorphemic,4.53,5.63,3,5. no evidence for borrowing,1100,1100,1100,900,900
roken,1912,monomorphemic,4.27,8.09,4,5. no evidence for borrowing,1668,1668,1668,332,332
rood,2118,monomorphemic,4.33,3.91,3,5. no evidence for borrowing,1156,1156,1156,844,844
rook,1162,monomorphemic,4.67,6.31,3,5. no evidence for borrowing,0901-1000,1000,901,1000,1099
rot,2393,monomorphemic,4,6.9,3,5. no evidence for borrowing,1407,1407,1407,593,593
rug,3531,monomorphemic,4.93,4.88,3,5. no evidence for borrowing,0901-1000,1000,901,1000,1099
ruiken,1119,monomorphemic,3.53,5.28,4,5. no evidence for borrowing,1265-1270,1270,1265,730,735
ruilen,741,monomorphemic,3.07,6.28,4,5. no evidence for borrowing,1506,1506,1506,494,494
rund,146,monomorphemic,4.4,7.54,4,5. no evidence for borrowing,1377-1378,1378,1377,622,623
rusten,1824,monomorphemic,3.27,5.78,5,5. no evidence for borrowing,1240,1240,1240,760,760
rustig,15502,other,2.47,5.78,6,5. no evidence for borrowing,1745,1745,1745,255,255
ruw,349,monomorphemic,3.87,8.65,3,5. no evidence for borrowing,1199,1199,1199,801,801
ruzie,2801,monomorphemic,3.4,4.9,4,5. no evidence for borrowing,1644,1644,1644,356,356
sap,310,monomorphemic,4.6,6.46,3,5. no evidence for borrowing,1240,1240,1240,760,760
schaal,425,monomorphemic,4.57,7.48,4,5. no evidence for borrowing,1302,1302,1302,698,698
schaamhaar,101,other,4.8,10.15,7,5. no evidence for borrowing,1962,1962,1962,38,38
schaamte,309,other,1.73,8.4,6,5. no evidence for borrowing,1285,1285,1285,715,715
schaap,283,monomorphemic,5,4.74,4,5. no evidence for borrowing,0901-1000,1000,901,1000,1099
schaar,262,monomorphemic,4.93,5.03,4,5. no evidence for borrowing,1240,1240,1240,760,760
schaduw,913,monomorphemic,4.33,5.96,6,5. no evidence for borrowing,1300,1300,1300,700,700
schede,33,monomorphemic,4.47,11.04,5,5. no evidence for borrowing,1807,1807,1807,193,193
schedel,633,monomorphemic,4.8,8.24,6,5. no evidence for borrowing,0901-1000,1000,901,1000,1099
scheermes,135,other,4.87,8.77,7,5. no evidence for borrowing,1240,1240,1240,760,760
scheiden,1103,monomorphemic,3.2,8.34,5,5. no evidence for borrowing,1100,1100,1100,900,900
scheiding,832,other,3,9.53,6,5. no evidence for borrowing,1360,1360,1360,640,640
schelp,58,monomorphemic,5,6.03,5,5. no evidence for borrowing,1287,1287,1287,713,713
schenken,379,monomorphemic,3.07,7.21,6,5. no evidence for borrowing,1100,1100,1100,900,900
scherp,903,monomorphemic,3.93,6.65,5,5. no evidence for borrowing,0901-1000,1000,901,1000,1099
scheuren,252,monomorphemic,4.07,6.46,5,5. no evidence for borrowing,1265-1270,1270,1265,730,735
schieten,5780,monomorphemic,4.47,6.21,5,5. no evidence for borrowing,0901-1000,1000,901,1000,1099
schijnen,374,monomorphemic,3.27,6.96,5,5. no evidence for borrowing,1100,1100,1100,900,900
schild,426,monomorphemic,4.53,8.39,5,5. no evidence for borrowing,1100,1100,1100,900,900
schildpad,175,other,4.67,5.65,8,5. no evidence for borrowing,1611-1620,1620,1611,380,389
schillen,75,monomorphemic,3.8,7.09,5,5. no evidence for borrowing,1240,1240,1240,760,760
schip,5039,monomorphemic,4.6,5.67,4,5. no evidence for borrowing,1076-1100,1100,1076,900,924
schoen,588,monomorphemic,4.8,3.71,4,5. no evidence for borrowing,1240,1240,1240,760,760
schoffel,15,monomorphemic,3.69,11.94,6,5. no evidence for borrowing,1651,1651,1651,349,349
schoon,2154,monomorphemic,2.53,5.84,4,5. no evidence for borrowing,0901-1000,1000,901,1000,1099
schoonbroer,50,other,2.8,9.58,8,5. no evidence for borrowing,1555,1555,1555,445,445
schoonzoon,189,other,2.53,9.3,7,5. no evidence for borrowing,1470,1470,1470,530,530
schoorsteen,184,other,4.67,6.35,8,5. no evidence for borrowing,1240,1240,1240,760,760
schop,470,monomorphemic,4.43,5.73,4,5. no evidence for borrowing,1370,1370,1370,630,630
schouder,812,monomorphemic,4.8,5.65,6,5. no evidence for borrowing,1220-1240,1240,1220,760,780
schrappen,143,monomorphemic,3.53,8.78,6,5. no evidence for borrowing,1406,1406,1406,594,594
schreeuwen,1257,monomorphemic,3.87,5.84,6,5. no evidence for borrowing,1479,1479,1479,521,521
schudden,864,monomorphemic,4.2,6.4,5,5. no evidence for borrowing,1240,1240,1240,760,760
schuim,154,monomorphemic,4.53,6.53,4,5. no evidence for borrowing,1240,1240,1240,760,760
schuld,7784,monomorphemic,2,6.46,5,5. no evidence for borrowing,1201-1225,1225,1201,775,799
schuldig,3743,other,1.73,7.71,7,5. no evidence for borrowing,1236,1236,1236,764,764
slaan,4127,monomorphemic,4.13,4.96,4,5. no evidence for borrowing,0901-1000,1000,901,1000,1099
slaap,2685,monomorphemic,3.73,4.78,4,5. no evidence for borrowing,1240,1240,1240,760,760
slak,101,monomorphemic,4.8,5.44,4,5. no evidence for borrowing,1240,1240,1240,760,760
slang,944,monomorphemic,4.87,5.66,4,5. no evidence for borrowing,0901-1000,1000,901,1000,1099
slapen,9128,monomorphemic,3.67,3.57,5,5. no evidence for borrowing,0901-1000,1000,901,1000,1099
slecht,11697,monomorphemic,1.6,5.09,5,5. no evidence for borrowing,1573,1573,1573,427,427
sleutel,3527,monomorphemic,4.87,5.41,6,5. no evidence for borrowing,1240,1240,1240,760,760
slim,4876,monomorphemic,2,5.71,4,5. no evidence for borrowing,1602,1602,1602,398,398
sloot,405,monomorphemic,4.2,7.82,4,5. no evidence for borrowing,966,966,966,1034,1034
slot,2292,monomorphemic,4.4,6.87,4,5. no evidence for borrowing,1240,1240,1240,760,760
sluiten,2564,monomorphemic,3.93,5.71,5,5. no evidence for borrowing,1240,1240,1240,760,760
smaken,160,monomorphemic,3.13,6.4,5,5. no evidence for borrowing,1240,1240,1240,760,760
smeden,72,monomorphemic,3.6,9.2,5,5. no evidence for borrowing,1240,1240,1240,760,760
smid,112,monomorphemic,4.07,8.46,4,5. no evidence for borrowing,1138-1139,1139,1138,861,862
sneeuw,1062,monomorphemic,4.8,4.26,4,5. no evidence for borrowing,0901-1000,1000,901,1000,1099
snel,20273,monomorphemic,2.53,5.53,4,5. no evidence for borrowing,1240,1240,1240,760,760
snoep,543,monomorphemic,4.6,4.19,4,5. no evidence for borrowing,1798,1798,1798,202,202
snot,52,monomorphemic,4.67,4.87,4,5. no evidence for borrowing,1351,1351,1351,649,649
snurken,56,monomorphemic,4.53,5.96,6,5. no evidence for borrowing,1573,1573,1573,427,427
soms,15296,monomorphemic,1.33,6.78,4,5. no evidence for borrowing,1777,1777,1777,223,223
spade,21,monomorphemic,4.87,6.98,5,5. no evidence for borrowing,1240,1240,1240,760,760
spar,6,monomorphemic,4.93,6.69,4,5. no evidence for borrowing,1714,1714,1714,286,286
spatten,36,monomorphemic,3.73,6.9,5,5. no evidence for borrowing,1642,1642,1642,358,358
speer,287,monomorphemic,4.8,7.69,4,5. no evidence for borrowing,1220-1240,1240,1220,760,780
spelen,10632,monomorphemic,3.53,3.9,5,5. no evidence for borrowing,1236,1236,1236,764,764
spijker,139,monomorphemic,4.87,7.04,6,5. no evidence for borrowing,1284,1284,1284,716,716
spin,333,monomorphemic,4.73,4.91,4,5. no evidence for borrowing,1240,1240,1240,760,760
spinnen,161,monomorphemic,4,6.7,5,5. no evidence for borrowing,1240,1240,1240,760,760
spoedig,625,other,1.93,10.11,6,5. no evidence for borrowing,1637,1637,1637,363,363
spook,496,monomorphemic,3.8,5.17,4,5. no evidence for borrowing,1477,1477,1477,523,523
spreken,12298,monomorphemic,4.47,4.65,6,5. no evidence for borrowing,0901-1000,1000,901,1000,1099
springen,2023,monomorphemic,4.4,4.59,6,5. no evidence for borrowing,1240,1240,1240,760,760
sprinkhaan,66,other,4.73,7.15,9,5. no evidence for borrowing,1301-1400,1400,1301,600,699
spugen,157,monomorphemic,4.4,6.21,5,5. no evidence for borrowing,1657,1657,1657,343,343
staan,18442,monomorphemic,4,4.65,4,5. no evidence for borrowing,0901-1000,1000,901,1000,1099
staart,669,monomorphemic,4.67,4.9,5,5. no evidence for borrowing,1197,1197,1197,803,803
stad,11915,monomorphemic,3.73,5.79,4,5. no evidence for borrowing,857,857,857,1143,1143
stal,598,monomorphemic,4.53,6.02,4,5. no evidence for borrowing,0701-800,800,701,1200,1299
standbeeld,200,other,4.67,6.46,9,5. no evidence for borrowing,1601-1650,1650,1601,350,399
steen,1554,monomorphemic,4.87,4.78,4,5. no evidence for borrowing,0918-948,948,918,1052,1082
steken,1558,monomorphemic,3.67,5.84,5,5. no evidence for borrowing,1236,1236,1236,764,764
stelen,2501,monomorphemic,3.33,6.84,5,5. no evidence for borrowing,1240,1240,1240,760,760
stem,3555,monomorphemic,3.8,5.44,4,5. no evidence for borrowing,0901-1000,1000,901,1000,1099
ster,1911,monomorphemic,4.2,5.44,4,5. no evidence for borrowing,1240,1240,1240,760,760
sterk,4158,monomorphemic,2.73,5.03,5,5. no evidence for borrowing,0901-1000,1000,901,1000,1099
sterven,7647,monomorphemic,3.27,7.21,6,5. no evidence for borrowing,1100,1100,1100,900,900
stier,364,monomorphemic,4.93,6.06,4,5. no evidence for borrowing,0901-1000,1000,901,1000,1099
stil,7028,monomorphemic,3.2,4.54,4,5. no evidence for borrowing,0814-815,815,814,1185,1186
stinkend,145,monomorphemic,3.67,6.28,8,5. no evidence for borrowing,1240,1240,1240,760,760
stoel,2220,monomorphemic,4.67,3.95,4,5. no evidence for borrowing,0901-1000,1000,901,1000,1099
stom,4538,monomorphemic,2,5.65,4,5. no evidence for borrowing,1240,1240,1240,760,760
stoom,252,monomorphemic,4.67,8.05,4,5. no evidence for borrowing,1669,1669,1669,331,331
stoppen,8481,monomorphemic,3.33,4.65,5,5. no evidence for borrowing,1265-1270,1270,1265,730,735
storm,1228,monomorphemic,4.33,6.46,5,5. no evidence for borrowing,1240,1240,1240,760,760
strijd,1955,monomorphemic,2.93,7.09,5,5. no evidence for borrowing,1220-1240,1240,1220,760,780
strijden,322,monomorphemic,3.2,8.53,6,5. no evidence for borrowing,1220-1240,1240,1220,760,780
strik,84,monomorphemic,4.87,5.8,5,5. no evidence for borrowing,0901-1000,1000,901,1000,1099
stromen,221,monomorphemic,3.73,7.78,6,5. no evidence for borrowing,1250,1250,1250,750,750
stronk,22,monomorphemic,4.67,8.21,6,5. no evidence for borrowing,1350,1350,1350,650,650
stroom,1303,monomorphemic,3.4,8.96,5,5. no evidence for borrowing,1240,1240,1240,760,760
sturen,4046,monomorphemic,3.13,5.9,5,5. no evidence for borrowing,1432,1432,1432,568,568
taal,1583,monomorphemic,1.73,5.88,3,5. no evidence for borrowing,1220-1240,1240,1220,760,780
tak,339,monomorphemic,4.53,5.53,3,5. no evidence for borrowing,1275,1275,1275,725,725
tand,353,monomorphemic,5,4.64,4,5. no evidence for borrowing,1220-1240,1240,1220,760,780
tandvlees,52,other,4.8,8.22,8,5. no evidence for borrowing,1240,1240,1240,760,760
tang,131,monomorphemic,4.73,7.34,3,5. no evidence for borrowing,1285,1285,1285,715,715
tarwe,61,monomorphemic,4.67,8.24,5,5. no evidence for borrowing,1189,1189,1189,811,811
te,304609,monomorphemic,1.5,5.33,2,5. no evidence for borrowing,0901-1000,1000,901,1000,1099
teek,38,monomorphemic,4.8,10.48,3,5. no evidence for borrowing,1518,1518,1518,482,482
teen,319,monomorphemic,5,4.08,3,5. no evidence for borrowing,1265-1270,1270,1265,730,735
tellen,1173,monomorphemic,3.8,5.53,4,5. no evidence for borrowing,0901-1000,1000,901,1000,1099
tepel,88,monomorphemic,4.87,8.13,5,5. no evidence for borrowing,1477,1477,1477,523,523
tien,8986,monomorphemic,3.27,4.71,3,5. no evidence for borrowing,0701-800,800,701,1200,1299
tijd,39278,monomorphemic,1.33,5.72,3,5. no evidence for borrowing,0901-1000,1000,901,1000,1099
tin,57,monomorphemic,4.54,10.67,3,5. no evidence for borrowing,1240,1240,1240,760,760
toespraak,540,other,3.53,9.06,7,5. no evidence for borrowing,1240,1240,1240,760,760
toestaan,560,other,2.47,8.61,6,5. no evidence for borrowing,1476,1476,1476,524,524
tonen,1571,monomorphemic,3.27,5.46,4,5. no evidence for borrowing,1240,1240,1240,760,760
tong,1395,monomorphemic,5,4.57,3,5. no evidence for borrowing,0901-1000,1000,901,1000,1099
top,1396,monomorphemic,4.13,6.34,3,5. no evidence for borrowing,1130,1130,1130,870,870
touw,1148,monomorphemic,4.93,5.54,3,5. no evidence for borrowing,1286,1286,1286,714,714
traag,427,monomorphemic,2.6,5.28,4,5. no evidence for borrowing,1240,1240,1240,760,760
traan,115,monomorphemic,4.73,5.08,4,5. no evidence for borrowing,1265-1270,1270,1265,730,735
trappen,448,monomorphemic,4.33,6.03,5,5. no evidence for borrowing,1470,1470,1470,530,530
trekken,3563,monomorphemic,4.4,5.46,5,5. no evidence for borrowing,1240,1240,1240,760,760
trog,31,monomorphemic,4.08,11.66,4,5. no evidence for borrowing,1240,1240,1240,760,760
trouw,1101,monomorphemic,2.67,7.4,4,5. no evidence for borrowing,1291,1291,1291,709,709
trouwen,6566,monomorphemic,2.93,6.4,5,5. no evidence for borrowing,1285,1285,1285,715,715
tuin,1601,monomorphemic,4.47,4.6,3,5. no evidence for borrowing,0901-1000,1000,901,1000,1099
twaalf,2022,monomorphemic,2.6,5.11,5,5. no evidence for borrowing,0701-800,800,701,1200,1299
twee,43975,monomorphemic,3.13,3.85,3,5. no evidence for borrowing,0222-235,235,222,1765,1778
tweede,5609,other,3.33,6.61,5,5. no evidence for borrowing,1530-1531,1531,1530,469,470
tweeling,691,other,4.13,6.22,6,5. no evidence for borrowing,1240,1240,1240,760,760
tweemaal,312,other,2.07,6.55,6,5. no evidence for borrowing,1477,1477,1477,523,523
twijfel,968,monomorphemic,2,7.9,6,5. no evidence for borrowing,1240,1240,1240,760,760
twintig,2467,other,3.4,5.6,7,5. no evidence for borrowing,1236,1236,1236,764,764
uil,102,monomorphemic,4.8,6.4,2,5. no evidence for borrowing,1240,1240,1240,760,760
vaak,7206,monomorphemic,1.27,6.78,3,5. no evidence for borrowing,1324-1341,1341,1324,659,676
vader,34593,monomorphemic,3.13,3.99,5,5. no evidence for borrowing,0776-800,800,776,1200,1224
val,2201,monomorphemic,3.8,4.96,3,5. no evidence for borrowing,1448,1448,1448,552,552
vallen,7890,monomorphemic,3.8,4.46,4,5. no evidence for borrowing,0901-1000,1000,901,1000,1099
vandaag,16141,other,1.73,5.21,6,5. no evidence for borrowing,1488,1488,1488,512,512
vangen,1477,monomorphemic,3.4,5.34,4,5. no evidence for borrowing,1279,1279,1279,721,721
varken,1033,monomorphemic,4.8,4.6,5,5. no evidence for borrowing,1155,1155,1155,845,845
vasten,41,monomorphemic,2.73,7.84,5,5. no evidence for borrowing,1240,1240,1240,760,760
vechten,5510,monomorphemic,4.13,5.58,5,5. no evidence for borrowing,0901-1000,1000,901,1000,1099
vee,586,monomorphemic,4.33,8.03,2,5. no evidence for borrowing,0701-800,800,701,1200,1299
veel,50333,monomorphemic,1.77,4.53,3,5. no evidence for borrowing,0901-1000,1000,901,1000,1099
veer,126,monomorphemic,4.73,6.77,3,5. no evidence for borrowing,0901-1000,1000,901,1000,1099
vegen,247,monomorphemic,4.33,6.15,4,5. no evidence for borrowing,1240,1240,1240,760,760
veld,689,monomorphemic,4.53,5.86,4,5. no evidence for borrowing,0802-817,817,802,1183,1198
vellen,66,monomorphemic,3.8,10.15,4,5. no evidence for borrowing,1220-1240,1240,1220,760,780
ver,5745,monomorphemic,2.13,5.15,3,5. no evidence for borrowing,0901-1000,1000,901,1000,1099
verbaasd,643,other,2.07,8.09,7,5. no evidence for borrowing,1451-1500,1500,1451,500,549
verdriet,1156,monomorphemic,2.33,6.21,7,5. no evidence for borrowing,1240,1240,1240,760,760
verf,626,monomorphemic,4.8,5.23,4,5. no evidence for borrowing,1375,1375,1375,625,625
verkeerd,5048,other,1.93,6.96,7,5. no evidence for borrowing,1265-1270,1270,1265,730,735
verstand,1660,other,2.13,8.11,8,5. no evidence for borrowing,1345,1345,1345,655,655
verven,194,monomorphemic,4.27,4.84,5,5. no evidence for borrowing,1165,1165,1165,835,835
vesting,70,other,3.57,11.84,6,5. no evidence for borrowing,1267,1267,1267,733,733
vet,418,monomorphemic,4.33,6.78,3,5. no evidence for borrowing,1287,1287,1287,713,713
veulen,52,monomorphemic,4.53,6.89,4,5. no evidence for borrowing,0701-800,800,701,1200,1299
vier,10491,monomorphemic,3.33,4.01,3,5. no evidence for borrowing,0701-800,800,701,1200,1299
vierkant,90,other,4.27,6.9,7,5. no evidence for borrowing,1285,1285,1285,715,715
vijand,2653,monomorphemic,2.73,6.9,6,5. no evidence for borrowing,0901-1000,1000,901,1000,1099
vijf,12276,monomorphemic,3,4.16,3,5. no evidence for borrowing,0701-800,800,701,1200,1299
vijftien,1267,other,2.73,5.94,6,5. no evidence for borrowing,1237,1237,1237,763,763
vin,89,monomorphemic,4.67,7.53,3,5. no evidence for borrowing,1285,1285,1285,715,715
vinden,26191,monomorphemic,2.2,5.53,5,5. no evidence for borrowing,0901-1000,1000,901,1000,1099
vinger,1263,monomorphemic,4.87,4.07,5,5. no evidence for borrowing,1100,1100,1100,900,900
vis,2177,monomorphemic,4.73,4.53,3,5. no evidence for borrowing,1220-1240,1240,1220,760,780
visser,182,other,3.93,6.23,5,5. no evidence for borrowing,1240,1240,1240,760,760
vlak,1929,monomorphemic,3.07,7.71,4,5. no evidence for borrowing,1448,1448,1448,552,552
vlakte,126,monomorphemic,3.4,10.17,6,5. no evidence for borrowing,1637,1637,1637,363,363
vlecht,25,monomorphemic,4.87,7.09,5,5. no evidence for borrowing,1240,1240,1240,760,760
vlechten,52,monomorphemic,4.07,6.39,6,5. no evidence for borrowing,1240,1240,1240,760,760
vleermuis,135,other,4.73,6.8,7,5. no evidence for borrowing,1240,1240,1240,760,760
vlees,2684,monomorphemic,4.47,4.61,4,5. no evidence for borrowing,0901-1000,1000,901,1000,1099
vleugel,383,monomorphemic,4.47,6.21,6,5. no evidence for borrowing,1240,1240,1240,760,760
vlieg,785,monomorphemic,4.67,4.78,4,5. no evidence for borrowing,1240,1240,1240,760,760
vliegen,3749,monomorphemic,4.27,5.03,5,5. no evidence for borrowing,0901-1000,1000,901,1000,1099
vliegtuig,3930,other,4.8,5.69,7,5. no evidence for borrowing,1911,1911,1911,89,89
vlinder,268,monomorphemic,5,5.34,7,5. no evidence for borrowing,1567,1567,1567,433,433
vlo,31,monomorphemic,4.67,7.12,3,5. no evidence for borrowing,1287,1287,1287,713,713
vloed,95,monomorphemic,3.6,8.47,4,5. no evidence for borrowing,0901-1000,1000,901,1000,1099
vloer,1383,monomorphemic,4.93,5.08,4,5. no evidence for borrowing,1265-1270,1270,1265,730,735
vlot,209,monomorphemic,2.6,7.35,4,5. no evidence for borrowing,1485,1485,1485,515,515
vluchten,1096,monomorphemic,2.93,7.59,6,5. no evidence for borrowing,1285,1285,1285,715,715
voedsel,1384,other,3.6,5.96,6,5. no evidence for borrowing,1287,1287,1287,713,713
voelen,5142,monomorphemic,2.8,5.03,4,5. no evidence for borrowing,1350,1350,1350,650,650
voet,2220,monomorphemic,4.87,4.11,3,5. no evidence for borrowing,0901-1000,1000,901,1000,1099
vogel,1313,monomorphemic,4.87,4.24,5,5. no evidence for borrowing,0701-800,800,701,1200,1299
vol,9057,monomorphemic,3.93,4.96,3,5. no evidence for borrowing,0901-1000,1000,901,1000,1099
volgen,4311,monomorphemic,3.4,5.84,5,5. no evidence for borrowing,1240,1240,1240,760,760
vonnis,326,monomorphemic,2.47,11.4,5,5. no evidence for borrowing,1237,1237,1237,763,763
voor,293369,monomorphemic,2.07,5.33,3,5. no evidence for borrowing,0901-1000,1000,901,1000,1099
voorhoofd,342,other,4.67,5.75,7,5. no evidence for borrowing,1240,1240,1240,760,760
voorjaar,104,other,2.4,8.94,6,5. no evidence for borrowing,1401-1500,1500,1401,500,599
vos,252,monomorphemic,4.87,5.84,3,5. no evidence for borrowing,0901-1000,1000,901,1000,1099
vouwen,50,monomorphemic,4.13,5.84,4,5. no evidence for borrowing,1277,1277,1277,723,723
vragen,13680,monomorphemic,3.47,4.9,5,5. no evidence for borrowing,1100,1100,1100,900,900
vrede,2795,monomorphemic,1.8,6.97,5,5. no evidence for borrowing,815,815,815,1185,1185
vreemde,2678,monomorphemic,2.6,6.83,6,5. no evidence for borrowing,1240,1240,1240,760,760
vriend,21480,monomorphemic,2.4,4.84,5,5. no evidence for borrowing,1100,1100,1100,900,900
vrijdag,1654,other,2.47,5.25,6,5. no evidence for borrowing,1263,1263,1263,737,737
vrije,1718,monomorphemic,NA,NA,5,5. no evidence for borrowing,1376-1400,1400,1376,600,624
vroeg,8006,monomorphemic,1.87,5.09,4,5. no evidence for borrowing,1240,1240,1240,760,760
vuil,773,monomorphemic,3.87,4.97,3,5. no evidence for borrowing,1200,1200,1200,800,800
vuur,4386,monomorphemic,4.73,4.89,3,5. no evidence for borrowing,0901-1000,1000,901,1000,1099
waaier,45,other,4.53,8.2,5,5. no evidence for borrowing,1240,1240,1240,760,760
waarom,93634,other,1,5.55,5,5. no evidence for borrowing,1240,1240,1240,760,760
wagen,3228,monomorphemic,4.8,6,4,5. no evidence for borrowing,838,838,838,1162,1162
walvis,325,other,5,6.53,6,5. no evidence for borrowing,1163,1163,1163,837,837
wang,283,monomorphemic,4.93,5.24,3,5. no evidence for borrowing,1240,1240,1240,760,760
wanneer,10622,monomorphemic,1.4,5.94,5,5. no evidence for borrowing,1321,1321,1321,679,679
wapens,4593,monomorphemic,4.47,7.67,NA,5. no evidence for borrowing,1237,1237,1237,763,763
warm,3098,monomorphemic,3.47,4.71,4,5. no evidence for borrowing,1240,1240,1240,760,760
wasbeer,67,other,4.8,7.67,6,5. no evidence for borrowing,1857,1857,1857,143,143
wassen,1215,monomorphemic,4.47,4.96,4,5. no evidence for borrowing,0901-1000,1000,901,1000,1099
wat,480562,monomorphemic,1.13,5,3,5. no evidence for borrowing,0901-1000,1000,901,1000,1099
water,10663,monomorphemic,4.8,3.67,5,5. no evidence for borrowing,0901-1000,1000,901,1000,1099
web,195,monomorphemic,4.87,5.96,3,5. no evidence for borrowing,1240,1240,1240,760,760
week,10288,monomorphemic,2.6,5.6,3,5. no evidence for borrowing,1236,1236,1236,764,764
wees,10157,monomorphemic,3.13,8.18,3,5. no evidence for borrowing,0901-1000,1000,901,1000,1099
weg,56261,monomorphemic,4.07,4.9,3,5. no evidence for borrowing,838,838,838,1162,1162
wegen,802,monomorphemic,4,7.28,4,5. no evidence for borrowing,1240,1240,1240,760,760
weggaan,2914,other,3.67,6.45,5,5. no evidence for borrowing,1236,1236,1236,764,764
weide,55,monomorphemic,4.67,5.83,4,5. no evidence for borrowing,0901-1000,1000,901,1000,1099
weinig,4830,monomorphemic,1.33,6.39,5,5. no evidence for borrowing,1260-1280,1280,1260,720,740
wekken,429,monomorphemic,3.87,6.84,4,5. no evidence for borrowing,1100,1100,1100,900,900
welke,11317,monomorphemic,1.4,6.17,NA,5. no evidence for borrowing,1251-1300,1300,1251,700,749
wenen,253,monomorphemic,4.6,4.15,4,5. no evidence for borrowing,1240,1240,1240,760,760
wenkbrauw,40,other,5,6.38,8,5. no evidence for borrowing,1625,1625,1625,375,375
wensen,652,monomorphemic,2.27,6.59,5,5. no evidence for borrowing,1265-1270,1270,1265,730,735
wereld,17211,monomorphemic,3.33,6.09,6,5. no evidence for borrowing,0901-1000,1000,901,1000,1099
werk,24998,monomorphemic,3.2,5.94,4,5. no evidence for borrowing,0776-800,800,776,1200,1224
werkplaats,164,other,3.47,8.5,9,5. no evidence for borrowing,1552,1552,1552,448,448
werktuig,120,other,3.67,8.5,7,5. no evidence for borrowing,1573,1573,1573,427,427
werpen,338,monomorphemic,3.6,6.9,5,5. no evidence for borrowing,0901-1000,1000,901,1000,1099
wesp,27,monomorphemic,4.93,6.09,4,5. no evidence for borrowing,1240,1240,1240,760,760
westen,982,other,2.6,7.9,5,5. no evidence for borrowing,1285,1285,1285,715,715
wet,3426,monomorphemic,1.53,9.03,3,5. no evidence for borrowing,0901-1000,1000,901,1000,1099
weten,42732,monomorphemic,2,5.53,4,5. no evidence for borrowing,0901-1000,1000,901,1000,1099
weven,29,monomorphemic,4.07,8.78,4,5. no evidence for borrowing,1240,1240,1240,760,760
wie,79998,monomorphemic,1.07,5.47,2,5. no evidence for borrowing,0901-1000,1000,901,1000,1099
wiel,299,monomorphemic,4.93,5.35,3,5. no evidence for borrowing,1285,1285,1285,715,715
wij,42488,monomorphemic,1.93,4.72,2,5. no evidence for borrowing,0901-1000,1000,901,1000,1099
wijd,295,monomorphemic,3.4,7.53,3,5. no evidence for borrowing,1100,1100,1100,900,900
wind,2003,monomorphemic,4.47,4.97,4,5. no evidence for borrowing,1001-1050,1050,1001,950,999
winkel,2845,monomorphemic,4.27,5.09,6,5. no evidence for borrowing,1101-1200,1200,1101,800,899
winter,932,monomorphemic,2.87,5.19,6,5. no evidence for borrowing,1050,1050,1050,950,950
wit,1455,monomorphemic,4.4,4.54,3,5. no evidence for borrowing,0901-1000,1000,901,1000,1099
woede,1091,monomorphemic,3.27,6.35,4,5. no evidence for borrowing,1588,1588,1588,412,412
woensdag,816,other,2.67,5.9,7,5. no evidence for borrowing,1260,1260,1260,740,740
wol,148,monomorphemic,4.6,5.59,3,5. no evidence for borrowing,1240,1240,1240,760,760
wolf,767,monomorphemic,4.87,5.44,4,5. no evidence for borrowing,1001-1100,1100,1001,900,999
wolk,231,monomorphemic,4.4,5.58,4,5. no evidence for borrowing,0901-1000,1000,901,1000,1099
wond,543,monomorphemic,4.27,7.38,4,5. no evidence for borrowing,0901-1000,1000,901,1000,1099
wonen,4672,monomorphemic,2.87,5.46,4,5. no evidence for borrowing,0901-1000,1000,901,1000,1099
woord,5605,monomorphemic,2.67,4.61,4,5. no evidence for borrowing,0776-800,800,776,1200,1224
worden,46795,monomorphemic,1.53,5.46,5,5. no evidence for borrowing,0901-1000,1000,901,1000,1099
worm,339,monomorphemic,4.87,5.58,4,5. no evidence for borrowing,1100,1100,1100,900,900
worst,381,monomorphemic,4.93,5.16,5,5. no evidence for borrowing,1240,1240,1240,760,760
wortel,245,monomorphemic,4.8,4.99,6,5. no evidence for borrowing,1240,1240,1240,760,760
woud,222,monomorphemic,4.53,6.93,3,5. no evidence for borrowing,793,793,793,1207,1207
wrijven,158,monomorphemic,3.87,6.03,5,5. no evidence for borrowing,1240,1240,1240,760,760
zaad,234,monomorphemic,4.73,7.32,3,5. no evidence for borrowing,1240,1240,1240,760,760
zaag,125,monomorphemic,4.73,6.62,3,5. no evidence for borrowing,1101-1200,1200,1101,800,899
zaaien,173,monomorphemic,4.13,7.28,4,5. no evidence for borrowing,1240,1240,1240,760,760
zacht,998,monomorphemic,3.73,4.65,4,5. no evidence for borrowing,0901-1000,1000,901,1000,1099
zakdoek,215,other,4.87,4.6,6,5. no evidence for borrowing,1775,1775,1775,225,225
zalf,63,monomorphemic,4.2,5.77,4,5. no evidence for borrowing,1100,1100,1100,900,900
zand,844,monomorphemic,4.93,4.41,4,5. no evidence for borrowing,893,893,893,1107,1107
zee,2924,monomorphemic,4.73,4.78,2,5. no evidence for borrowing,793,793,793,1207,1207
zeep,622,monomorphemic,4.87,3.9,3,5. no evidence for borrowing,1288,1288,1288,712,712
zeggen,47484,monomorphemic,3.6,5.03,4,5. no evidence for borrowing,1260-1270,1270,1260,730,740
zeil,276,monomorphemic,4.47,7.78,3,5. no evidence for borrowing,1240,1240,1240,760,760
zeilen,307,monomorphemic,4.4,8.17,4,5. no evidence for borrowing,1265-1270,1270,1265,730,735
zeis,24,monomorphemic,4.86,9.58,3,5. no evidence for borrowing,1340-1350,1350,1340,650,660
zenden,261,monomorphemic,2.8,6.9,5,5. no evidence for borrowing,0901-1000,1000,901,1000,1099
zenuw,90,monomorphemic,4.07,9.98,5,5. no evidence for borrowing,1285,1285,1285,715,715
zes,8663,monomorphemic,3.47,4.5,3,5. no evidence for borrowing,0701-800,800,701,1200,1299
zeug,52,monomorphemic,4.2,8.43,3,5. no evidence for borrowing,1287,1287,1287,713,713
ziek,5643,monomorphemic,3.2,4.71,3,5. no evidence for borrowing,1236,1236,1236,764,764
ziekte,1623,monomorphemic,3.33,5.96,5,5. no evidence for borrowing,1343-1344,1344,1343,656,657
ziel,3614,monomorphemic,1.53,8.69,3,5. no evidence for borrowing,0901-1000,1000,901,1000,1099
zien,67291,monomorphemic,3.93,4.34,3,5. no evidence for borrowing,1200,1200,1200,800,800
zijn,285014,monomorphemic,1.33,5.61,3,5. no evidence for borrowing,0776-800,800,776,1200,1224
zingen,2865,monomorphemic,4.27,4.84,4,5. no evidence for borrowing,0901-1000,1000,901,1000,1099
zinken,412,monomorphemic,3.8,7.09,5,5. no evidence for borrowing,1260-1280,1280,1260,720,740
zitten,32519,monomorphemic,4.33,4.21,4,5. no evidence for borrowing,1240,1240,1240,760,760
zoeken,11930,monomorphemic,3.6,5.21,4,5. no evidence for borrowing,0901-1000,1000,901,1000,1099
zoet,479,monomorphemic,4.27,5.9,3,5. no evidence for borrowing,0901-1000,1000,901,1000,1099
zomer,1868,monomorphemic,2.53,5.33,5,5. no evidence for borrowing,1236,1236,1236,764,764
zon,2996,monomorphemic,4.4,4.35,3,5. no evidence for borrowing,0901-1000,1000,901,1000,1099
zondag,1454,other,2.07,5,6,5. no evidence for borrowing,1236,1236,1236,764,764
zonder,22563,monomorphemic,1.73,5.83,6,5. no evidence for borrowing,0901-1000,1000,901,1000,1099
zoon,15154,monomorphemic,3.07,5.34,3,5. no evidence for borrowing,0776-800,800,776,1200,1224
zorg,7894,monomorphemic,2.8,6.94,4,5. no evidence for borrowing,1285,1285,1285,715,715
zuiden,1001,other,2.93,9.29,4,5. no evidence for borrowing,1287,1287,1287,713,713
zuigen,424,monomorphemic,4.33,5.15,4,5. no evidence for borrowing,1100,1100,1100,900,900
zuur,320,monomorphemic,4.47,6.21,3,5. no evidence for borrowing,1130,1130,1130,870,870
zwaar,3533,monomorphemic,3.27,5.84,4,5. no evidence for borrowing,1220-1240,1240,1220,760,780
zwaard,1638,monomorphemic,4.93,6.02,5,5. no evidence for borrowing,0901-1000,1000,901,1000,1099
zwager,251,monomorphemic,2.85,12.71,6,5. no evidence for borrowing,1220-1240,1240,1220,760,780
zwak,1532,monomorphemic,2.27,6.28,4,5. no evidence for borrowing,1451-1500,1500,1451,500,549
zwanger,2742,monomorphemic,4.13,8.34,6,5. no evidence for borrowing,1542,1542,1542,458,458
zwart,2447,monomorphemic,4.27,4.33,5,5. no evidence for borrowing,1001-1100,1100,1001,900,999
zwelling,79,other,4.07,9.83,6,5. no evidence for borrowing,1240,1240,1240,760,760
zwemmen,1722,monomorphemic,4.6,5.21,5,5. no evidence for borrowing,1240,1240,1240,760,760
zweren,379,monomorphemic,2.6,7.78,5,5. no evidence for borrowing,0901-1000,1000,901,1000,1099
zweten,245,monomorphemic,3.87,6.59,5,5. no evidence for borrowing,1240,1240,1240,760,760
zwijgen,1090,monomorphemic,3.53,4.4,5,5. no evidence for borrowing,1236,1236,1236,764,764